entry_time,exit_time,direction,entry_price,exit_price,take_profit,stop_loss,leverage,size,reason,pnl,balance
2024-01-08 17:55:00,2024-01-08 18:35:00,LONG,96.601,99.27285785425906,99.27285785425906,94.17203831430994,3.06,31.67610943,TP,82.4752,1082.4752
2024-01-09 21:10:00,2024-01-09 21:15:00,LONG,105.506,102.47136278638276,108.84410093497897,102.47136278638276,2.69,27.57772753,SL,-86.5562,995.919
2024-01-12 21:30:00,2024-01-12 22:05:00,SHORT,93.01,90.30971499894234,90.30971499894234,95.46480454641606,2.92,31.27131858,TP,82.4224,1078.3414
2024-01-17 11:00:00,2024-01-17 14:05:00,LONG,102.097,100.36530617218644,104.00186321059492,100.36530617218644,4.45,47.04315747,SL,-86.2266,992.1148
2024-01-18 17:10:00,2024-01-18 19:50:00,SHORT,94.674,92.68085045154154,92.68085045154154,96.48595413496224,3.97,41.62803588,TP,80.2287,1072.3435
2024-01-19 15:25:00,2024-01-19 16:25:00,SHORT,91.036,89.19485043717701,89.19485043717701,92.70977232983908,4.13,48.61008494,TP,86.4186,1158.7622
2024-01-22 01:20:00,2024-01-22 02:50:00,SHORT,90.505,89.28616068420705,89.28616068420705,91.61303574162994,6.04,77.3448674,TP,89.3898,1248.1519
2024-01-26 10:40:00,2024-01-26 11:10:00,LONG,89.872,91.51798070721841,91.51798070721841,88.37565390252871,4.53,62.94982702,TP,99.6333,1347.7852
2024-01-27 22:25:00,2024-01-28 01:15:00,LONG,93.563,94.76593595761837,94.76593595761837,92.46942185671058,6.31,90.8256089,TP,103.287,1451.0722
2024-01-29 15:50:00,2024-01-29 16:15:00,LONG,99.184,100.96674596963324,100.96674596963324,97.56332184578795,4.61,67.49714024,TP,115.6199,1566.6922
2024-02-01 01:45:00,2024-02-01 10:15:00,SHORT,94.102,96.37606788287607,91.60052532883633,96.37606788287607,3.18,52.92499215,SL,-125.3955,1441.2966
2024-02-02 10:30:00,2024-02-02 13:30:00,LONG,102.09,100.49015305094886,103.84983164395626,100.49015305094886,4.8,67.74853119,SL,-115.2495,1326.0471
2024-02-03 11:15:00,2024-02-03 15:00:00,SHORT,98.447,97.03667947814034,97.03667947814034,99.72910956532697,5.7,76.84130325,TP,103.0972,1429.1443
2024-02-04 07:15:00,2024-02-04 11:35:00,SHORT,96.716,97.83255416354827,95.48779042009689,97.83255416354827,6.38,94.23419766,SL,-114.3841,1314.7601
2024-02-06 10:40:00,2024-02-06 14:35:00,SHORT,93.761,94.90097245344954,92.5070303012055,94.90097245344954,6.08,85.25407832,SL,-105.2294,1209.5307
2024-02-07 17:35:00,2024-02-07 21:20:00,LONG,97.888,99.08110465204709,99.08110465204709,96.80335940722993,6.62,81.82673712,TP,92.0014,1301.5321
2024-02-11 12:30:00,2024-02-11 13:45:00,LONG,110.475,109.16240006066693,111.91885993326636,109.16240006066693,6.21,73.16731419,SL,-104.0746,1197.4576
2024-02-12 17:30:00,2024-02-12 17:40:00,LONG,110.7,109.17593560757177,112.37647083167106,109.17593560757177,5.42,58.59964134,SL,-95.752,1101.7056
2024-02-14 09:05:00,2024-02-14 13:20:00,LONG,115.386,117.14381520426403,117.14381520426403,113.78798617794179,5.39,51.43951211,TP,86.2483,1187.9539
2024-02-16 15:00:00,2024-02-16 23:40:00,SHORT,109.038,110.7020816702494,107.20751016272565,110.7020816702494,4.92,53.59836445,SL,-95.0809,1092.873
2024-02-17 13:15:00,2024-02-17 14:15:00,SHORT,108.07,106.57600481078418,106.57600481078418,109.42817744474164,5.9,59.62829929,TP,84.5914,1177.4644
2024-02-19 13:10:00,2024-02-19 14:00:00,LONG,114.337,112.84819235591677,115.97468840849156,112.84819235591677,5.71,58.75773771,SL,-94.1534,1083.311
2024-02-20 15:25:00,2024-02-20 16:00:00,SHORT,104.962,106.79746524853853,102.94298822660762,106.79746524853853,4.33,44.66278214,SL,-86.7059,996.6051
2024-02-21 11:40:00,2024-02-21 16:05:00,SHORT,102.817,104.51034387177691,100.95432174104538,104.51034387177691,4.58,44.38823453,SL,-79.766,916.8391
2024-02-23 15:25:00,2024-02-23 16:10:00,SHORT,100.754,99.05739092543287,99.05739092543287,102.29637188597013,4.91,44.63877739,TP,72.6014,989.4406
2024-02-26 09:30:00,2024-02-26 11:50:00,SHORT,101.895,100.64117344821896,100.64117344821896,103.03484231980093,6.56,63.74556321,TP,75.3951,1064.8357
2024-02-26 15:30:00,2024-02-26 16:10:00,LONG,104.599,105.97686083538161,105.97686083538161,103.34639924056216,6.17,62.76662928,TP,81.8707,1146.7063
2024-02-28 09:55:00,2024-02-28 10:55:00,LONG,112.125,113.9905848392716,113.9905848392716,110.42901378248037,4.96,50.73609724,TP,90.6514,1237.3577
2024-03-03 07:25:00,2024-03-03 09:10:00,SHORT,126.452,129.01962073522992,123.6276171912471,129.01962073522992,3.75,36.74311327,SL,-99.0358,1138.322
2024-03-03 18:15:00,2024-03-04 03:45:00,LONG,131.289,128.72566876531752,134.1086643581507,128.72566876531752,3.9,33.79539544,SL,-91.0224,1047.2995
2024-03-05 14:40:00,2024-03-05 15:00:00,LONG,136.106,139.2393877270882,139.2393877270882,133.2574657026471,3.65,28.07171139,TP,85.2675,1132.567
2024-03-05 19:35:00,2024-03-05 19:50:00,SHORT,125.985,121.16589712187177,121.16589712187177,130.36600261648022,2.24,20.10330737,TP,95.1264,1227.6933
2024-03-07 11:20:00,2024-03-07 14:15:00,LONG,142.405,146.77339173071402,146.77339173071402,138.43373479026,2.77,23.87538692,TP,101.8962,1329.5896
2024-03-08 11:55:00,2024-03-08 14:55:00,LONG,149.13,152.48595946486265,152.48595946486265,146.07912775921577,3.73,33.23971548,TP,108.0589,1437.6485
2024-03-10 14:10:00,2024-03-10 14:40:00,SHORT,143.799,141.51599363355675,141.51599363355675,145.87446033313023,5.18,51.82444175,TP,113.1226,1550.771
2024-03-12 02:25:00,2024-03-12 03:15:00,LONG,151.226,153.92837085018544,153.92837085018544,148.76929922710414,4.64,47.57099925,TP,123.493,1674.264
2024-03-13 14:55:00,2024-03-13 15:25:00,LONG,155.454,158.74489446374193,158.74489446374193,152.46227776023463,3.95,42.55914242,TP,135.3984,1809.6625
2024-03-15 18:40:00,2024-03-15 20:05:00,LONG,186.55,179.60214172287206,194.19264410484075,179.60214172287206,2.09,20.29222208,SL,-144.7025,1664.96
2024-03-17 18:05:00,2024-03-17 22:35:00,LONG,196.915,203.37600747331385,203.37600747331385,191.04135684244193,2.6,21.94144154,TP,138.711,1803.671
2024-03-19 08:40:00,2024-03-19 09:10:00,SHORT,178.98,171.74665195957215,171.74665195957215,185.55577094584348,2.12,21.36180619,TP,151.8719,1955.543
2024-03-24 20:20:00,2024-03-24 21:15:00,LONG,178.644,181.5856017826567,181.5856017826567,175.9698165612212,5.01,54.83802988,TP,154.4218,2109.9648
2024-03-29 22:20:00,2024-03-30 00:55:00,LONG,191.431,194.48749501098357,194.48749501098357,188.65236817183316,5.16,56.8328664,TP,166.0589,2276.0237
2024-03-31 19:10:00,2024-03-31 23:25:00,LONG,199.896,202.22276064779106,202.22276064779106,197.78076304746264,6.91,78.64857097,TP,171.9547,2447.9785
2024-04-02 02:35:00,2024-04-02 03:00:00,SHORT,182.933,186.2041225519203,179.33476519288766,186.2041225519203,4.24,56.69806796,SL,-195.931,2252.0474
2024-04-05 02:05:00,2024-04-05 04:30:00,SHORT,180.742,177.5435407414671,177.5435407414671,183.64969023502988,4.68,58.33503278,TP,179.239,2431.2865
2024-04-08 08:25:00,2024-04-08 14:20:00,LONG,182.368,180.01749506049458,184.95355543345596,180.01749506049458,5.76,76.79142326,SL,-194.4127,2236.8738
2024-04-09 07:40:00,2024-04-09 08:05:00,SHORT,175.837,173.4313502093988,173.4313502093988,178.02395435509197,5.95,75.73665109,TP,172.9102,2409.784
2024-04-10 10:45:00,2024-04-10 12:25:00,SHORT,169.414,166.77214119237667,166.77214119237667,171.8156898251121,5.27,74.98052677,TP,189.2357,2599.0196
2024-04-12 12:35:00,2024-04-12 13:05:00,SHORT,170.541,168.15653405213737,168.15653405213737,172.70869631623873,5.83,88.9223563,TP,201.4593,2800.4789
2024-04-13 17:35:00,2024-04-13 18:15:00,SHORT,137.54,141.30543361727268,133.39802302100006,141.30543361727268,2.82,57.40195499,SL,-224.1464,2576.3326
2024-04-18 22:30:00,2024-04-19 00:45:00,LONG,142.327,138.4416548849482,146.60087962655697,138.4416548849482,2.83,51.17263745,SL,-206.0072,2370.3254
2024-04-20 15:55:00,2024-04-20 17:35:00,LONG,147.111,150.39373530086775,150.39373530086775,144.1266951810293,3.76,60.55600419,TP,192.5137,2562.839
2024-04-22 05:55:00,2024-04-22 06:20:00,LONG,153.133,155.9908685470081,155.9908685470081,150.5349376845381,4.45,74.52292494,TP,204.9458,2767.7848
2024-04-22 22:10:00,2024-04-23 00:50:00,LONG,156.431,159.21894549255742,159.21894549255742,153.8965040976751,4.65,82.28494968,TP,220.3497,2988.1345
2024-04-24 22:35:00,2024-04-25 10:10:00,SHORT,147.623,144.45099009149118,144.45099009149118,150.50664537137163,3.9,78.86162951,TP,242.0506,3230.1852
2024-04-29 16:55:00,2024-04-29 20:10:00,SHORT,133.568,135.70455480456016,131.21778971498387,135.70455480456016,4.71,113.83296732,SL,-258.5364,2971.6488
2024-04-30 08:30:00,2024-04-30 08:55:00,SHORT,132.728,130.27943655204584,130.27943655204584,134.95396677086742,4.5,100.78959954,TP,237.4748,3209.1235
2024-05-02 11:10:00,2024-05-02 11:50:00,LONG,135.68,139.03902115099183,139.03902115099183,132.62634440818925,3.4,80.4963527,TP,262.6897,3471.8132
2024-05-06 05:25:00,2024-05-06 08:15:00,LONG,148.525,150.36710455540802,150.36710455540802,146.85035949508364,6.52,152.34220595,TP,264.7355,3736.5487
2024-05-07 01:45:00,2024-05-07 03:25:00,LONG,157.118,154.43358675718574,160.0708545670957,154.43358675718574,4.42,105.19817305,SL,-298.7827,3437.766
2024-05-08 09:30:00,2024-05-08 13:55:00,SHORT,145.125,147.63919933675308,142.3593807295716,147.63919933675308,4.37,103.4177275,SL,-275.1513,3162.6147
2024-05-12 21:20:00,2024-05-13 00:25:00,SHORT,143.313,144.84470482008106,141.6281246979108,144.84470482008106,6.84,151.04864777,SL,-253.1249,2909.4899
2024-05-13 15:40:00,2024-05-13 16:25:00,LONG,147.437,149.80925720566088,149.80925720566088,145.2804025403083,5.12,101.02244223,TP,229.1772,3138.667
2024-05-15 13:20:00,2024-05-15 13:35:00,LONG,150.643,153.0884260762441,153.0884260762441,148.41988538523262,5.08,105.77885479,TP,247.4682,3386.1353
2024-05-17 06:45:00,2024-05-17 06:50:00,LONG,164.531,167.31000251348226,167.31000251348226,162.0046340786525,4.89,100.66934166,TP,268.1101,3654.2454
2024-05-19 12:15:00,2024-05-19 13:25:00,SHORT,170.082,167.92699605730448,167.92699605730448,172.04109449335957,6.39,137.30173795,TP,279.5982,3933.8436
2024-05-20 04:55:00,2024-05-20 05:10:00,LONG,175.518,178.15241688161726,178.15241688161726,173.12307556216615,5.46,122.43319764,TP,307.4331,4241.2767
2024-05-23 10:30:00,2024-05-23 12:55:00,SHORT,174.411,171.57049524924,171.57049524924,176.99327704614544,5.06,123.08325441,TP,334.6615,4575.9382
2024-05-26 09:20:00,2024-05-26 14:00:00,SHORT,163.403,165.16904316473648,161.46035251878985,165.16904316473648,6.78,189.73064192,SL,-366.2426,4209.6956
2024-05-27 15:05:00,2024-05-27 16:25:00,LONG,169.944,172.15345286946862,172.15345286946862,167.93540648230123,6.24,154.58795132,TP,323.0966,4532.7922
2024-05-28 13:20:00,2024-05-28 13:35:00,LONG,172.956,170.53504677962312,175.61904854241453,170.53504677962312,5.33,139.79802181,SL,-362.4542,4170.3381
2024-05-29 06:15:00,2024-05-29 07:30:00,LONG,173.086,170.80584704802428,175.59416824717331,170.80584704802428,5.64,135.99451658,SL,-333.472,3836.8661
2024-05-30 06:20:00,2024-05-30 07:50:00,SHORT,167.166,164.69107470646273,164.69107470646273,169.4159320850339,5.53,126.99082719,TP,299.4957,4136.3618
2024-05-31 16:05:00,2024-05-31 17:00:00,SHORT,164.132,166.22816518345823,161.82621829819595,166.22816518345823,5.81,146.4006337,SL,-331.0624,3805.2994
2024-06-02 09:25:00,2024-06-02 11:45:00,SHORT,164.517,165.55899623823007,163.37080413794692,165.55899623823007,10.91,252.3171234,SL,-304.5554,3500.744
2024-06-04 15:45:00,2024-06-04 16:00:00,LONG,167.165,168.71451106319415,168.71451106319415,165.75635357891437,8.49,177.72400514,TP,254.5338,3755.2777
2024-06-07 17:15:00,2024-06-07 17:55:00,SHORT,167.565,165.9735585807006,165.9735585807006,169.01176492663583,8.3,186.0971626,TP,274.3936,4029.6713
2024-06-10 15:50:00,2024-06-10 16:25:00,LONG,162.905,161.47385677882392,164.47925754329367,161.47385677882392,8.18,202.23585648,SL,-322.229,3707.4423
2024-06-11 01:55:00,2024-06-11 04:25:00,SHORT,156.423,154.57555888382564,154.57555888382564,158.10249192379487,6.82,161.55181484,TP,280.8279,3988.2702
2024-06-13 21:20:00,2024-06-13 22:45:00,SHORT,146.019,148.2819769560213,143.5297253483766,148.2819769560213,4.85,132.44589144,SL,-319.2115,3669.0587
2024-06-16 13:20:00,2024-06-16 15:10:00,LONG,145.537,146.89542179315018,146.89542179315018,144.30207109713623,8.43,212.62727173,TP,267.1182,3936.1769
2024-06-17 10:15:00,2024-06-17 11:25:00,SHORT,142.387,144.17895512391425,140.41584936369432,144.17895512391425,5.89,162.79134252,SL,-315.04,3621.1369
2024-06-21 07:40:00,2024-06-21 13:30:00,SHORT,131.65,129.41079233656825,129.41079233656825,133.6856433303925,4.86,133.66485583,TP,287.0453,3908.1822
2024-06-23 22:20:00,2024-06-24 01:15:00,SHORT,129.106,127.65778470556035,127.65778470556035,130.42255935858148,7.14,216.27036737,TP,293.7234,4201.9057
2024-06-25 03:30:00,2024-06-25 10:20:00,LONG,135.07,137.79477887124935,137.79477887124935,132.5929282988642,4.14,128.68844471,TP,338.4101,4540.3157
2024-06-27 12:05:00,2024-06-27 12:30:00,LONG,140.187,138.51684507691024,142.02417041539874,138.51684507691024,6.19,200.63903575,SL,-363.0577,4177.258
2024-06-30 02:15:00,2024-06-30 04:00:00,SHORT,139.289,137.77858933787232,137.77858933787232,140.6621006019342,7.37,220.96200655,TP,312.2658,4489.5238
2024-06-30 15:10:00,2024-06-30 18:20:00,LONG,142.859,144.42708035330227,144.42708035330227,141.43347240608887,7.29,229.00087756,TP,336.1196,4825.6434
2024-07-04 01:30:00,2024-07-04 01:55:00,SHORT,135.694,133.04704949614643,133.04704949614643,138.10031863986688,4.27,151.8684314,TP,387.6433,5213.2867
2024-07-09 06:05:00,2024-07-09 15:00:00,LONG,141.762,138.76703575436983,145.0564606701932,138.76703575436983,3.62,132.96121545,SL,-416.8638,4796.4228
2024-07-10 04:25:00,2024-07-10 09:20:00,LONG,145.314,142.80254646671105,148.07659888661783,142.80254646671105,4.38,144.42883059,SL,-383.5325,4412.8904
2024-07-11 15:45:00,2024-07-11 20:30:00,SHORT,138.458,136.1391315852642,136.1391315852642,140.56606219521436,4.93,157.14580779,TP,349.2427,4762.133
2024-07-13 09:55:00,2024-07-13 22:30:00,LONG,140.56,139.06436624378534,142.20519713183612,139.06436624378534,6.87,232.83956591,SL,-380.7965,4381.3365
2024-07-16 15:50:00,2024-07-17 01:15:00,LONG,160.552,163.3455232484549,163.3455232484549,158.01243341049553,4.76,129.81167697,TP,347.9703,4729.3069
2024-07-19 03:40:00,2024-07-19 06:00:00,LONG,161.571,163.99332748087096,163.99332748087096,159.3688841082991,5.47,160.06542617,TP,369.55,5098.8569
2024-07-20 17:45:00,2024-07-20 19:40:00,LONG,174.321,172.32568675557806,176.51584456886414,172.32568675557806,6.43,188.00797845,SL,-407.721,4691.1359
2024-07-23 23:25:00,2024-07-24 00:10:00,SHORT,171.168,174.14524317601635,167.89303250638204,174.14524317601635,4.35,119.20008183,SL,-375.4683,4315.6676
2024-07-25 02:40:00,2024-07-25 04:50:00,SHORT,169.221,172.58682860174207,165.51858853808372,172.58682860174207,3.83,97.66578793,SL,-345.4178,3970.2498
2024-07-26 13:55:00,2024-07-26 14:30:00,LONG,182.616,179.9392228139621,185.56045490464174,179.9392228139621,5.11,111.07950625,SL,-317.4713,3652.7785
2024-07-29 00:25:00,2024-07-29 02:35:00,LONG,187.982,190.47685670785822,190.47685670785822,185.7139484474016,6.12,118.98138676,TP,281.1257,3933.9042
2024-07-29 23:10:00,2024-07-30 02:20:00,SHORT,182.519,179.68335476003878,179.68335476003878,185.09685930905567,5.29,114.01058047,TP,308.7919,4242.696
2024-07-31 20:15:00,2024-07-31 22:25:00,SHORT,174.864,171.84166991501777,171.84166991501777,177.6115728045293,4.79,116.14132454,TP,336.8714,4579.5674
2024-08-02 14:50:00,2024-08-02 15:20:00,SHORT,157.853,154.2083626229629,154.2083626229629,161.16630670639736,3.64,105.54552995,TP,373.0896,4952.657
2024-08-04 14:30:00,2024-08-04 15:00:00,SHORT,139.851,137.00166208033065,137.00166208033065,142.44130719969942,4.1,145.12439692,TP,399.3841,5352.0411
2024-08-08 02:10:00,2024-08-08 14:30:00,LONG,154.327,159.3553379062721,159.3553379062721,149.75578372157082,2.61,90.60615141,TP,445.7191,5797.7603
2024-08-11 12:10:00,2024-08-11 14:45:00,SHORT,151.701,149.50149217880931,149.50149217880931,153.7005525647188,5.64,215.60490536,TP,451.4243,6249.1846
2024-08-14 12:35:00,2024-08-14 12:45:00,LONG,149.658,152.04661620714108,152.04661620714108,147.4865307207808,5.16,215.38446792,TP,491.8041,6740.9887
2024-08-14 19:10:00,2024-08-15 06:20:00,SHORT,143.744,140.86386480498035,140.86386480498035,146.36230472274514,4.16,195.2460469,TP,542.8017,7283.7903
2024-08-16 14:50:00,2024-08-16 18:00:00,SHORT,137.943,140.4433794464705,135.19258260888247,140.4433794464705,4.18,220.86126297,SL,-582.9793,6700.811
2024-08-18 16:35:00,2024-08-18 17:20:00,LONG,146.452,144.7738584170431,148.2979557412526,144.7738584170431,6.42,293.79960829,SL,-535.8184,6164.9926
2024-08-20 01:00:00,2024-08-20 01:30:00,LONG,147.624,145.65551589684995,149.78933251346504,145.65551589684995,5.58,233.06909998,SL,-492.97,5672.0226
2024-08-21 09:30:00,2024-08-21 13:30:00,SHORT,140.999,139.40832332456552,139.40832332456552,142.44506970494044,7.11,285.91188804,TP,426.665,6098.6877
2024-08-22 11:45:00,2024-08-22 13:05:00,LONG,144.323,142.91347884962678,145.87347326541055,142.91347884962678,7.43,313.99224429,SL,-487.6737,5611.0139
2024-08-27 10:05:00,2024-08-27 10:15:00,SHORT,155.639,153.55136872668584,153.55136872668584,157.5368466121038,6.06,218.59472089,TP,432.6211,6043.6351
2024-08-29 18:40:00,2024-08-29 22:05:00,SHORT,140.673,138.4385045488737,138.4385045488737,142.7043595010239,5.18,222.59832907,TP,475.5749,6519.21
2024-09-01 05:25:00,2024-09-01 05:50:00,SHORT,132.6,131.15351884534272,131.15351884534272,133.91498286787024,7.33,360.28113584,TP,487.8028,7007.0128
2024-09-03 02:05:00,2024-09-03 06:05:00,LONG,136.325,134.35953948557386,138.48700656586874,134.35953948557386,5.19,266.70705479,SL,-560.2989,6446.7139
2024-09-04 00:55:00,2024-09-04 01:00:00,SHORT,126.635,124.57105896074695,124.57105896074695,128.5113100356846,5.06,257.48939752,TP,508.7242,6955.4381
2024-09-05 14:00:00,2024-09-05 14:45:00,LONG,134.707,132.65591504536562,136.96319345009783,132.65591504536562,4.93,254.56907995,SL,-556.174,6399.2641
2024-09-06 20:45:00,2024-09-07 00:05:00,SHORT,122.77,125.36909693177294,119.91099337504976,125.36909693177294,3.61,188.08455433,SL,-512.1856,5887.0786
2024-09-08 07:15:00,2024-09-08 09:10:00,LONG,129.349,130.85704611899033,130.85704611899033,127.97804898273606,6.9,313.91473645,TP,444.88,6331.9586
2024-09-09 16:45:00,2024-09-09 19:50:00,LONG,132.494,134.45068714717334,134.45068714717334,130.7151935025697,5.55,265.03246748,TP,493.9013,6825.8598
2024-09-10 18:15:00,2024-09-10 21:00:00,LONG,137.02,135.2438873534867,138.97372391116463,135.2438873534867,5.73,285.43174386,SL,-545.8153,6280.0445
2024-09-13 09:55:00,2024-09-13 12:20:00,SHORT,133.559,132.1964985999311,132.1964985999311,134.79763763642626,7.79,366.13088062,TP,464.7236,6744.7681
2024-09-13 15:30:00,2024-09-13 18:35:00,LONG,136.493,138.0306149475961,138.0306149475961,135.0951682294581,7.12,351.67355552,TP,507.0297,7251.7978
2024-09-15 11:30:00,2024-09-15 13:05:00,SHORT,135.288,136.14086060483635,134.34985333468003,136.14086060483635,10.95,587.10179742,SL,-580.3942,6671.4036
2024-09-18 09:55:00,2024-09-18 14:25:00,SHORT,129.12,127.73058445424535,127.73058445424535,130.38310504159514,7.42,383.35202404,TP,498.0929,7169.4965
2024-09-19 00:40:00,2024-09-19 03:00:00,LONG,135.278,137.31602240037225,137.31602240037225,133.42525236329794,5.44,288.50720483,TP,560.5465,7730.043
2024-09-22 09:40:00,2024-09-22 13:35:00,SHORT,144.913,143.44730481911787,143.44730481911787,146.24545016443832,7.85,418.58593232,TP,571.1811,8301.2241
2024-09-24 20:00:00,2024-09-24 22:25:00,LONG,148.605,150.81097114848802,150.81097114848802,146.5995716831927,5.52,308.30438925,TP,647.9037,8949.1277
2024-09-26 14:15:00,2024-09-26 14:20:00,LONG,153.862,155.7407640373574,155.7407640373574,152.15403269331145,6.61,384.53053494,TP,680.8824,9630.0101
2024-09-29 08:20:00,2024-09-29 09:05:00,SHORT,155.092,156.4433132817741,153.60555539004855,156.4433132817741,8.24,511.41669579,SL,-770.7464,8859.2638
2024-09-29 19:15:00,2024-09-29 20:00:00,LONG,158.447,159.89533637328984,159.89533637328984,157.13033056973651,8.59,480.46451716,TP,642.4453,9501.7091
2024-09-30 09:55:00,2024-09-30 12:45:00,SHORT,154.397,156.1068248992687,152.5161926108044,156.1068248992687,6.63,407.75013511,SL,-760.4853,8741.2238
2024-10-02 18:55:00,2024-10-02 19:15:00,SHORT,142.197,139.39315758381989,139.39315758381989,144.74594765107284,4.23,259.85147445,TP,702.8632,9444.0871
2024-10-06 13:00:00,2024-10-06 14:55:00,LONG,144.829,146.05561520199598,146.05561520199598,143.71389527091276,9.2,599.65611421,TP,674.6069,10118.6939
2024-10-08 15:30:00,2024-10-08 16:35:00,SHORT,141.297,143.16669655713577,139.24033378715066,143.16669655713577,5.62,402.53511088,SL,-809.8718,9308.8221
2024-10-09 13:05:00,2024-10-09 15:10:00,SHORT,140.742,142.24696805370309,139.0865351409266,142.24696805370309,6.84,452.51334943,SL,-745.0463,8563.7758
2024-10-13 09:45:00,2024-10-13 11:40:00,LONG,147.512,146.56808943926447,148.5503016168091,146.56808943926447,10.81,627.7147743,SL,-684.8058,7878.97
2024-10-17 16:30:00,2024-10-17 18:05:00,SHORT,150.68,148.6084202453152,148.6084202453152,152.56325432244074,5.93,309.9006661,TP,609.4253,8488.3953
2024-10-19 14:55:00,2024-10-19 16:10:00,LONG,156.93,155.80209236989845,158.1706983931117,155.80209236989845,9.77,528.52718992,SL,-678.7736,7809.6217
2024-10-23 19:00:00,2024-10-23 20:35:00,LONG,171.19,174.14206214215758,174.14206214215758,168.5063071434931,4.8,218.84251262,TP,619.6829,8429.3047
2024-10-25 22:50:00,2024-10-25 23:10:00,SHORT,164.98,161.98234565789676,161.98234565789676,167.70514031100294,4.57,233.3274396,TP,672.6288,9101.9335
2024-10-27 22:45:00,2024-10-28 00:30:00,LONG,178.04,176.14413334788276,180.12545331732895,176.14413334788276,6.87,351.10291937,SL,-727.8219,8374.1116
2024-10-31 07:00:00,2024-10-31 09:30:00,SHORT,173.23,175.15592209392514,171.1114856966823,175.15592209392514,6.6,319.14263543,SL,-670.2363,7703.8754
2024-10-31 13:50:00,2024-10-31 14:45:00,SHORT,172.0,169.9343001491418,169.9343001491418,173.87790895532567,6.71,300.65239217,TP,584.9833,8288.8587
2024-11-02 14:35:00,2024-11-02 16:45:00,SHORT,163.32,165.06928512526926,161.3957863622038,165.06928512526926,6.83,346.70444182,SL,-663.4119,7625.4467
2024-11-04 21:15:00,2024-11-04 21:40:00,SHORT,158.02,155.69464806985016,155.69464806985016,160.13395630013625,5.56,268.50444591,TP,594.7919,8220.2386
2024-11-05 14:20:00,2024-11-05 14:45:00,LONG,164.8,166.9910629593289,166.9910629593289,162.8081245824283,6.11,304.92260475,TP,632.7951,8853.0337
2024-11-10 02:45:00,2024-11-10 03:10:00,LONG,204.11,201.51448664148035,206.96506469437165,201.51448664148035,5.83,252.97784944,SL,-707.9144,8145.1193
2024-11-11 10:35:00,2024-11-11 14:30:00,LONG,215.89,220.4835889402227,220.4835889402227,211.714010054343,3.93,148.3668846,TP,658.9785,8804.0978
2024-11-13 04:45:00,2024-11-13 05:40:00,SHORT,201.53,206.98422622052553,195.53035115742193,206.98422622052553,2.85,124.53291824,SL,-704.6674,8099.4304
2024-11-16 03:55:00,2024-11-16 09:50:00,LONG,221.53,217.7967046705609,225.636624862383,217.7967046705609,4.48,163.83895056,SL,-647.6486,7451.7818
2024-11-17 04:00:00,2024-11-17 04:05:00,LONG,224.17,228.18084504357725,228.18084504357725,220.52377723311156,4.63,154.02636873,TP,593.4827,8045.2645
2024-11-18 03:45:00,2024-11-18 10:35:00,LONG,242.09,247.21815150197114,247.21815150197114,237.42804408911715,3.95,131.24288994,TP,650.658,8695.9225
2024-11-19 21:35:00,2024-11-20 14:00:00,SHORT,234.81,239.0940905360515,230.09750041034334,239.0940905360515,4.16,153.94757915,SL,-696.0036,7999.9189
2024-11-21 02:30:00,2024-11-21 03:25:00,SHORT,231.04,235.06974354553904,226.60728209990702,235.06974354553904,4.34,150.20559159,SL,-640.2962,7359.6228
2024-11-21 07:40:00,2024-11-21 13:15:00,LONG,242.76,247.52610836092072,247.52610836092072,238.42717421734477,4.24,128.67638122,TP,591.2967,7950.9194
2024-11-23 04:35:00,2024-11-23 05:30:00,LONG,263.94,259.6610776875697,268.6468145436734,259.6610776875697,4.65,140.01603207,SL,-635.774,7315.1454
2024-11-24 10:45:00,2024-11-24 12:25:00,SHORT,251.51,248.0095680087485,248.0095680087485,254.69221090113774,5.86,170.43075205,TP,566.695,7881.8405
2024-11-25 15:05:00,2024-11-25 15:10:00,SHORT,240.13,236.04172360185513,236.04172360185513,243.84661490740442,4.86,159.3600937,TP,624.8514,8506.6919
2024-11-29 11:45:00,2024-11-29 17:05:00,LONG,244.91,242.0170697556485,248.09222326878665,242.0170697556485,6.24,216.8801785,SL,-680.2216,7826.4703
2024-12-02 02:30:00,2024-12-02 03:35:00,SHORT,234.59,231.54777814021182,231.54777814021182,237.3556562361711,6.26,208.68874473,TP,600.735,8427.2053
2024-12-03 13:50:00,2024-12-03 14:50:00,SHORT,218.7,222.32486373295868,214.71264989374544,222.32486373295868,4.55,175.4039923,SL,-674.4943,7752.711
2024-12-05 11:35:00,2024-12-05 12:25:00,LONG,240.24,245.0855937809403,245.0855937809403,235.83491474459976,4.14,133.51419822,TP,624.3734,8377.0843
2024-12-09 08:50:00,2024-12-09 13:25:00,SHORT,226.89,229.68646363739904,223.81388999886101,229.68646363739904,6.0,221.66336666,SL,-670.4767,7706.6076
2024-12-14 13:50:00,2024-12-14 15:20:00,SHORT,220.88,223.1690631972702,218.36203048300277,223.1690631972702,7.04,245.63448764,SL,-616.8097,7089.7979
2024-12-16 00:45:00,2024-12-16 02:05:00,LONG,227.17,224.52675013265124,230.0775748540836,224.52675013265124,6.33,197.59612101,SL,-566.9227,6522.8752
2024-12-16 11:35:00,2024-12-16 16:10:00,SHORT,215.61,218.31850881599544,212.63064030240503,218.31850881599544,5.9,178.45718646,SL,-522.0717,6000.8035
2024-12-17 12:55:00,2024-12-17 13:40:00,LONG,227.1,224.07432901684942,230.42823808146562,224.07432901684942,5.59,147.58625301,SL,-479.841,5520.9625
2024-12-18 19:55:00,2024-12-18 20:05:00,SHORT,211.52,207.25331847769607,207.25331847769607,215.39880138391268,4.14,107.9810018,TP,444.8246,5965.7871
2024-12-19 17:45:00,2024-12-19 18:15:00,SHORT,197.56,193.06506803336254,193.06506803336254,201.64630178785222,3.69,111.40951589,TP,485.4713,6451.2584
2024-12-22 20:00:00,2024-12-22 21:05:00,SHORT,177.37,181.1559390876546,173.20546700357994,181.1559390876546,3.58,130.21963741,SL,-516.3472,5934.9112
2024-12-23 04:15:00,2024-12-23 05:15:00,LONG,187.45,183.30634065702927,192.0080252772678,183.30634065702927,3.46,109.62385403,SL,-474.5658,5460.3455
2024-12-28 17:15:00,2024-12-29 06:55:00,LONG,193.75,196.18568310887363,196.18568310887363,191.5357426282967,6.44,181.40627036,TP,417.1566,5877.502
2024-12-30 14:30:00,2024-12-30 17:40:00,SHORT,188.34,190.89602811080923,185.52836907810988,190.89602811080923,5.49,171.33276032,SL,-470.4191,5407.0829
2024-12-31 14:00:00,2024-12-31 16:20:00,LONG,196.05,198.85458953821686,198.85458953821686,193.5003731470756,5.71,157.54462618,TP,420.139,5827.2219
2025-01-03 09:10:00,2025-01-03 11:50:00,LONG,211.79,214.49739538384034,214.49739538384034,209.32873146923603,6.34,174.39863302,TP,446.2165,6273.4384
2025-01-05 09:50:00,2025-01-06 01:50:00,SHORT,212.94,214.71343961286163,210.9892164258522,214.71343961286163,8.58,252.65818805,SL,-502.0991,5771.3393
2025-01-06 13:55:00,2025-01-06 14:50:00,LONG,218.59,220.810504547553,220.810504547553,216.57135950222457,7.82,206.37441933,TP,426.5857,6197.925
2025-01-07 14:55:00,2025-01-07 15:00:00,SHORT,211.54,209.44165652829986,209.44165652829986,213.44758497427284,7.99,233.98053831,TP,456.4224,6654.3474
2025-01-09 13:10:00,2025-01-09 13:55:00,SHORT,188.66,185.45803302192576,185.45803302192576,191.57087907097656,4.87,171.7506309,TP,527.3681,7181.7155
2025-01-13 00:30:00,2025-01-13 01:10:00,LONG,191.49,189.57779322992747,193.5934274470798,189.57779322992747,7.28,273.10839067,SL,-574.2761,6607.4394
2025-01-13 02:45:00,2025-01-13 06:35:00,SHORT,185.01,182.70319630654427,182.70319630654427,187.10709426677792,6.49,231.62620458,TP,504.4258,7111.8652
2025-01-15 07:05:00,2025-01-15 09:40:00,LONG,189.95,187.62489714987456,192.50761313513797,187.62489714987456,6.04,226.21759871,SL,-568.6862,6543.179
2025-01-17 10:10:00,2025-01-17 12:45:00,LONG,216.8,220.20137900151676,220.20137900151676,213.7078372713484,5.24,158.19287226,TP,513.9589,7057.1379
2025-01-22 12:55:00,2025-01-22 19:50:00,LONG,259.01,265.47957140710315,265.47957140710315,253.12857144808802,3.37,91.94311276,TP,578.0436,7635.1816
2025-01-26 22:50:00,2025-01-26 23:15:00,SHORT,246.86,243.3335819571295,243.3335819571295,250.06583458442776,5.72,176.90951521,TP,593.4114,8228.5929
2025-01-30 14:50:00,2025-01-31 00:05:00,LONG,241.98,238.06360983356015,246.2880291830838,238.06360983356015,4.66,158.30419312,SL,-657.9774,7570.6155
2025-02-01 18:50:00,2025-02-01 19:45:00,SHORT,224.54,221.41909501552192,221.41909501552192,227.37718634952552,5.87,197.81298825,TP,586.3872,8157.0026
2025-02-06 14:55:00,2025-02-06 15:50:00,SHORT,195.18,191.19809662215673,191.19809662215673,198.7999121616757,4.09,171.04703733,TP,657.8595,8814.8622
2025-02-07 14:55:00,2025-02-07 15:05:00,LONG,203.18,199.53268048209577,207.19205146969466,199.53268048209577,4.22,183.14220528,SL,-704.855,8110.0072
2025-02-09 03:20:00,2025-02-09 03:45:00,LONG,202.96,205.9252119545415,205.9252119545415,200.26435276859863,5.6,223.8318346,TP,631.7759,8741.783
2025-02-10 13:45:00,2025-02-10 15:25:00,LONG,206.72,203.33782320088474,210.4403944790268,203.33782320088474,4.61,194.86284556,SL,-699.0131,8042.7699
2025-02-11 13:45:00,2025-02-11 18:20:00,SHORT,199.29,196.20564990559214,196.20564990559214,202.09395463127984,5.31,214.2421523,TP,631.0425,8673.8125
2025-02-14 17:45:00,2025-02-14 19:25:00,LONG,204.96,202.19044270233934,208.00651302742673,202.19044270233934,5.51,233.28322797,SL,-693.582,7980.2305
2025-02-16 14:20:00,2025-02-16 18:30:00,SHORT,189.88,187.87882033605973,187.87882033605973,191.6992542399457,7.56,317.75798155,TP,593.7829,8574.0134
2025-02-20 04:20:00,2025-02-20 07:00:00,LONG,174.08,171.09438698395587,177.36417431764858,171.09438698395587,4.41,217.08471892,SL,-685.597,7888.4164
2025-02-21 07:20:00,2025-02-21 09:15:00,LONG,176.28,178.92011179159255,178.92011179159255,173.8798983712795,5.47,244.94558681,TP,616.3291,8504.7455
2025-02-21 21:25:00,2025-02-22 00:35:00,SHORT,167.27,170.37271327852744,163.85701539361983,170.37271327852744,4.09,208.06823127,SL,-680.7024,7824.043
2025-02-23 15:30:00,2025-02-24 00:10:00,SHORT,167.55,169.19923597225878,165.7358404305154,169.19923597225878,7.38,344.52238877,SL,-626.2075,7197.8355
2025-02-26 18:25:00,2025-02-26 21:05:00,SHORT,132.25,135.8413741315787,128.29948845526343,135.8413741315787,2.84,154.64150497,SL,-576.1045,6621.731
2025-02-28 01:30:00,2025-02-28 02:30:00,SHORT,130.8,127.36550213943914,127.36550213943914,133.92227078232807,3.22,162.84259179,TP,544.4845,7166.2155
2025-02-28 14:05:00,2025-02-28 23:50:00,LONG,144.52,148.62161469614915,148.62161469614915,140.79125936713714,2.98,148.01411357,TP,592.0017,7758.2172
2025-03-02 15:25:00,2025-03-02 15:30:00,LONG,151.83,154.66496176172032,154.66496176172032,149.25276203479973,4.45,227.42466904,TP,620.4404,8378.6576
2025-03-03 21:50:00,2025-03-04 02:05:00,SHORT,140.44,134.3126244433019,134.3126244433019,146.01034141518008,1.97,117.37318586,TP,707.7947,9086.4523
2025-03-06 03:15:00,2025-03-06 14:30:00,LONG,149.22,145.7625745685929,153.02316797454782,145.7625745685929,3.31,201.54911223,SL,-726.5678,8359.8845
2025-03-07 00:15:00,2025-03-07 00:25:00,SHORT,140.82,137.3080850530642,137.3080850530642,144.0126499517598,3.38,200.62900622,TP,684.9561,9044.8407
2025-03-08 16:15:00,2025-03-08 19:30:00,SHORT,135.76,138.39485628495572,132.8616580865487,138.39485628495572,3.92,261.16472976,SL,-723.9313,8320.9093
2025-03-09 12:10:00,2025-03-09 14:00:00,SHORT,135.0,132.79220912179855,132.79220912179855,137.00708261654677,5.04,310.759605,TP,656.8627,8977.772
2025-03-12 12:25:00,2025-03-12 12:35:00,LONG,128.14,131.04446025735194,131.04446025735194,125.49958158422547,3.7,259.42084381,TP,730.0573,9707.8293
2025-03-14 13:50:00,2025-03-14 14:40:00,LONG,129.21,131.17169359035162,131.17169359035162,127.42664219058945,5.4,406.0647371,TP,759.6879,10467.5172
2025-03-15 17:10:00,2025-03-15 18:35:00,LONG,135.92,134.2828554759115,137.7208589764973,134.2828554759115,6.13,472.290415,SL,-837.0148,9630.5025
2025-03-18 01:20:00,2025-03-18 06:45:00,SHORT,125.44,123.42973664983246,123.42973664983246,127.26751213651593,5.14,394.50029697,TP,758.5678,10389.0703
2025-03-19 13:45:00,2025-03-19 14:05:00,LONG,130.57,132.43638475151977,132.43638475151977,128.87328658952748,5.72,454.84220913,TP,807.1687,11196.2389
2025-03-21 10:20:00,2025-03-21 16:05:00,SHORT,126.66,124.96127937308984,124.96127937308984,128.2042914790092,6.06,536.04136748,TP,863.2401,12059.4791
2025-03-23 10:15:00,2025-03-23 11:20:00,LONG,132.31,133.52314371238353,133.52314371238353,131.20714207965136,8.57,781.07463083,TP,875.0255,12934.5046
2025-03-25 13:25:00,2025-03-25 14:30:00,LONG,144.93,146.97945615097518,146.97945615097518,143.06685804456802,5.77,515.30044168,TP,1003.5967,13938.1013
2025-03-26 17:15:00,2025-03-26 19:05:00,SHORT,138.58,136.43121110319754,136.43121110319754,140.53344445163862,5.3,532.9995548,TP,1093.8284,15031.9297
2025-04-01 08:10:00,2025-04-01 08:30:00,LONG,127.68,129.50815858769298,129.50815858769298,126.01803764755185,5.71,671.95234524,TP,1168.1334,16200.063
2025-04-02 15:35:00,2025-04-02 20:10:00,LONG,130.6,132.69642660666298,132.69642660666298,128.6941576303064,5.13,636.40644253,TP,1275.7323,17475.7953
2025-04-02 22:05:00,2025-04-02 22:30:00,SHORT,123.5,120.69691839082228,120.69691839082228,126.04825600834339,3.7,523.27518771,TP,1421.8393,18897.6346
2025-04-06 12:45:00,2025-04-06 13:15:00,SHORT,117.31,115.83823081033805,115.83823081033805,118.64797199060177,6.45,1038.84386551,TP,1443.9374,20341.572
2025-04-09 17:20:00,2025-04-09 17:30:00,LONG,113.43,116.62080860029461,116.62080860029461,110.5292649088231,3.01,539.89271142,TP,1679.4817,22021.0538
2025-04-11 13:35:00,2025-04-11 14:20:00,LONG,121.07,119.01646579562222,123.32888762481554,119.01646579562222,4.45,810.11721578,SL,-1760.8525,20260.2013
2025-04-14 02:25:00,2025-04-14 15:05:00,LONG,133.53,130.96216957186678,136.35461347094653,130.96216957186678,3.95,599.99994316,SL,-1620.0458,18640.1555
2025-04-15 18:15:00,2025-04-16 00:55:00,SHORT,127.79,125.18666047465442,125.18666047465442,130.15667229576871,4.1,597.80917335,TP,1503.1357,20143.2912
2025-04-17 06:25:00,2025-04-17 14:05:00,LONG,134.35,132.01585697423113,136.91755732834574,132.01585697423113,4.35,652.81257878,SL,-1610.7014,18532.5898
2025-04-19 02:05:00,2025-04-19 02:10:00,LONG,135.93,137.55276499148923,137.55276499148923,134.45475909864615,6.75,920.20479211,TP,1405.4191,19938.0089
2025-04-21 00:30:00,2025-04-21 00:55:00,LONG,142.72,141.20646178923488,144.38489203184164,141.20646178923488,6.89,963.03867283,SL,-1594.3119,18343.697
2025-04-21 16:55:00,2025-04-22 01:00:00,SHORT,135.5,137.36071363825604,133.45321499791834,137.36071363825604,5.43,735.13963042,SL,-1468.1797,16875.5173
2025-04-22 13:40:00,2025-04-22 15:00:00,LONG,142.96,144.92972168012662,144.92972168012662,141.16934392715763,5.91,698.19515846,TP,1305.1053,18180.6226
2025-04-25 01:05:00,2025-04-25 02:20:00,LONG,153.7,151.6379856990096,155.96821573108943,151.6379856990096,5.55,656.42479453,SL,-1453.773,16726.8495
2025-04-27 05:20:00,2025-04-27 07:35:00,SHORT,145.86,147.50939373576978,144.04566689065328,147.50939373576978,6.5,745.38096538,SL,-1338.7627,15388.0869
2025-04-28 01:30:00,2025-04-28 03:20:00,SHORT,145.1,146.69895844421592,143.3411457113625,146.69895844421592,6.66,705.85188969,SL,-1231.6113,14156.4756
2025-04-28 06:35:00,2025-04-28 10:05:00,LONG,150.32,152.17725268373312,152.17725268373312,148.63158846933354,6.54,615.92354767,TP,1078.8869,15235.3625
2025-04-29 23:10:00,2025-04-30 00:30:00,SHORT,145.07,146.84858753535352,143.1135537111111,146.84858753535352,6.03,633.59978592,SL,-1219.3925,14015.9701
2025-05-01 07:45:00,2025-05-01 10:15:00,LONG,149.97,151.81860209607632,151.81860209607632,148.2894526399306,6.55,612.54682983,TP,1067.8243,15083.7944
2025-05-06 11:30:00,2025-05-06 14:20:00,SHORT,142.48,143.83670835868585,140.98762080544552,143.83670835868585,7.6,804.90456398,SL,-1207.2496,13876.5448
2025-05-07 00:15:00,2025-05-07 01:00:00,LONG,147.43,149.1613519325676,149.1613519325676,145.85604369766583,6.85,644.90090671,TP,1049.7727,14926.3175
2025-05-08 01:00:00,2025-05-08 03:45:00,LONG,149.32,151.06831899842146,151.06831899842146,147.7306190923441,6.87,686.78022661,TP,1128.6858,16055.0033
2025-05-10 23:10:00,2025-05-11 00:25:00,LONG,177.38,175.0611181214297,179.93077006642733,175.0611181214297,5.68,514.52945508,SL,-1283.8037,14771.1996
2025-05-12 14:05:00,2025-05-12 14:25:00,LONG,179.62,176.542545420319,183.0052000376491,176.542545420319,4.41,362.80899912,SL,-1181.1377,13590.0619
2025-05-12 18:45:00,2025-05-12 20:25:00,SHORT,168.46,171.92305946564508,164.65063458779042,171.92305946564508,3.71,299.38018019,SL,-1087.7233,12502.3386
2025-05-13 19:25:00,2025-05-13 19:45:00,LONG,180.82,183.9477793086437,183.9477793086437,177.97656426486935,4.78,330.72172877,TP,992.3569,13494.6955
2025-05-15 14:35:00,2025-05-15 15:20:00,SHORT,167.23,170.0569073005547,164.1204019693898,170.0569073005547,4.47,360.56317077,SL,-1080.0853,12414.6102
2025-05-16 22:40:00,2025-05-17 01:45:00,SHORT,167.05,164.27508085374805,164.27508085374805,169.57265376931997,4.97,369.24840122,TP,981.6613,13396.2715
2025-05-18 14:35:00,2025-05-18 15:50:00,LONG,174.37,176.4027525599891,176.4027525599891,172.52204312728264,6.9,529.93496595,TP,1012.3279,14408.5994
2025-05-19 04:40:00,2025-05-19 06:30:00,SHORT,164.22,161.11925887541608,161.11925887541608,167.03885556780355,4.4,386.40923662,TP,1153.9754,15562.5748
2025-05-21 14:55:00,2025-05-21 17:20:00,LONG,172.72,170.26733940781884,175.41792665139928,170.26733940781884,5.26,474.21923702,SL,-1244.4244,14318.1503
2025-05-23 00:10:00,2025-05-23 02:00:00,LONG,181.05,183.7605659500169,183.7605659500169,178.5858491363483,5.48,433.03026341,TP,1118.6422,15436.7926
2025-05-25 00:50:00,2025-05-25 02:15:00,SHORT,172.67,170.2322302946584,170.2322302946584,174.88615427758327,5.78,516.96703603,TP,1198.0133,16634.8059
2025-05-27 13:15:00,2025-05-27 14:20:00,LONG,178.81,176.9378695080261,180.8693435411713,176.9378695080261,6.97,648.86547356,SL,-1330.1771,15304.6288
2025-05-28 14:15:00,2025-05-28 15:05:00,SHORT,171.51,169.55844309058568,169.55844309058568,173.28414264492207,7.05,629.28514466,TP,1152.7813,16457.4101
2025-05-29 14:20:00,2025-05-29 14:55:00,SHORT,169.01,170.81000913444103,167.02998995211485,170.81000913444103,6.87,668.65414728,SL,-1317.1946,15140.2155
2025-05-30 16:20:00,2025-05-30 16:30:00,SHORT,159.98,157.51017063638417,157.51017063638417,162.22529942146892,5.32,503.5661268,TP,1187.5788,16327.7943
2025-06-01 09:05:00,2025-06-01 10:35:00,SHORT,152.49,150.58223729303506,150.58223729303506,154.2243297336045,6.47,692.28846957,TP,1247.0893,17574.8836
2025-06-01 23:00:00,2025-06-02 03:10:00,LONG,157.64,155.85266101736298,159.60607288090068,155.85266101736298,6.48,722.88220282,SL,-1405.3447,16169.539
2025-06-03 00:30:00,2025-06-03 01:30:00,LONG,158.58,160.77639044429563,160.77639044429563,156.58328141427674,5.89,600.17814983,TP,1251.3385,17420.8775
2025-06-04 20:20:00,2025-06-05 05:25:00,SHORT,154.29,152.3741709191737,152.3741709191737,156.03166280075115,6.51,735.0764215,TP,1329.172,18750.0495
2025-06-07 07:20:00,2025-06-07 15:15:00,LONG,152.48,150.83067514101361,154.294257344885,150.83067514101361,6.77,832.50078454,SL,-1499.3174,17250.7321
2025-06-08 17:00:00,2025-06-08 19:10:00,LONG,152.77,154.15215919057118,154.15215919057118,151.51349164493533,8.67,979.26613263,TP,1248.5092,18499.2413
2025-06-12 15:50:00,2025-06-12 17:05:00,SHORT,156.69,158.76139638026294,154.41146398171077,158.76139638026294,5.63,664.21989614,SL,-1480.6272,17018.6141
2025-06-15 13:55:00,2025-06-15 14:40:00,LONG,148.27,149.8789085068798,149.8789085068798,146.80735590283658,7.36,845.16556634,TP,1271.8032,18290.4173
2025-06-17 15:20:00,2025-06-17 19:25:00,SHORT,147.56,149.6895459183022,145.21749948986758,149.6895459183022,5.18,642.58468226,SL,-1463.9176,16826.4997
2025-06-18 10:50:00,2025-06-18 19:00:00,SHORT,145.68,143.61294722422303,143.61294722422303,147.55913888707,5.76,664.81006494,TP,1306.6777,18133.1774
2025-06-19 13:55:00,2025-06-19 18:05:00,SHORT,143.87,145.53294823976393,142.0407569362597,145.53294823976393,6.37,802.8777641,SL,-1451.3218,16681.8556
2025-06-20 15:50:00,2025-06-20 17:15:00,SHORT,142.43,140.66898356851823,140.66898356851823,144.0309240286198,6.54,765.50627453,TP,1272.017,17953.8726
2025-06-21 21:20:00,2025-06-21 21:30:00,SHORT,135.1,133.16300417600715,133.16300417600715,136.86090529453895,5.7,757.54525149,TP,1396.0144,19349.887
2025-06-22 13:20:00,2025-06-22 13:25:00,SHORT,130.63,128.16740828360005,128.16740828360005,132.86871974218175,4.41,653.33999985,TP,1549.4894,20899.3764
2025-06-23 22:00:00,2025-06-23 22:10:00,LONG,142.51,145.33382728216532,145.33382728216532,139.9428842889406,4.21,617.04098268,TP,1680.5145,22579.8909
2025-06-25 02:05:00,2025-06-25 14:20:00,LONG,146.68,144.64058860376483,148.92335253585873,144.64058860376483,5.37,826.31095671,SL,-1805.5487,20774.3422
2025-06-25 16:45:00,2025-06-25 20:35:00,SHORT,142.87,144.82381691174166,140.7208013970842,144.82381691174166,5.45,792.65405314,SL,-1662.7217,19111.6205
2025-06-28 10:15:00,2025-06-28 16:05:00,LONG,147.23,148.83133371579444,148.83133371579444,145.77424207655048,7.35,953.79984968,TP,1428.7468,20540.3673
2025-06-29 22:10:00,2025-06-29 22:15:00,LONG,152.36,153.80082687725633,153.80082687725633,151.05015738431246,8.34,1123.8041626,TP,1499.0274,22039.3948
2025-06-30 15:25:00,2025-06-30 15:30:00,LONG,155.31,153.6725609833174,157.11118291835086,153.6725609833174,6.93,983.49047458,SL,-1762.3464,20277.0484
2025-07-01 07:20:00,2025-07-01 13:10:00,SHORT,149.34,147.3877231063461,147.3877231063461,151.114797176049,6.21,843.06040709,TP,1558.0847,21835.1331
2025-07-04 08:05:00,2025-07-04 14:05:00,SHORT,149.73,147.9732199393694,147.9732199393694,151.32707278239144,6.86,1000.0045014,TP,1652.3279,23487.4609
2025-07-06 12:50:00,2025-07-06 13:30:00,LONG,148.56,149.54728087615456,149.54728087615456,147.6624719307686,11.36,1796.21288979,TP,1586.2202,25073.6811
2025-07-09 05:35:00,2025-07-09 11:45:00,LONG,152.92,154.37054984506986,154.37054984506986,151.60131832266373,8.31,1363.06890649,TP,1830.8956,26904.5767
2025-07-14 03:40:00,2025-07-14 05:45:00,LONG,168.13,166.48474454539235,169.9397810000684,166.48474454539235,7.42,1186.93250346,SL,-2151.3897,24753.187
2025-07-15 03:15:00,2025-07-15 05:10:00,SHORT,158.37,160.44626834744074,156.0861048178152,160.44626834744074,5.67,886.16350871,SL,-1981.1749,22772.0121
2025-07-16 16:00:00,2025-07-16 16:15:00,LONG,169.03,171.22003493821668,171.22003493821668,167.03905914707576,6.26,843.41923549,TP,1746.954,24518.966
2025-07-21 02:55:00,2025-07-21 03:55:00,LONG,184.37,187.1040893822104,187.1040893822104,181.88446419799055,5.52,734.67658708,TP,1913.4531,26432.4191
2025-07-25 02:55:00,2025-07-25 18:40:00,SHORT,178.74,182.2724678072762,174.8542854119962,182.2724678072762,3.85,569.78580558,SL,-2115.5999,24316.8192
2025-07-27 16:35:00,2025-07-27 16:50:00,LONG,189.68,187.89168197022155,191.6471498327563,187.89168197022155,7.67,983.49215138,SL,-1944.4661,22372.3531
2025-07-28 18:15:00,2025-07-29 00:40:00,SHORT,184.47,181.56160543729305,181.56160543729305,187.11399505700632,5.22,632.7772168,TP,1759.024,24131.3771
2025-07-30 10:50:00,2025-07-30 18:55:00,SHORT,178.31,175.75802462887196,175.75802462887196,180.62997761011638,5.71,772.73335496,TP,1875.9406,26007.3177
2025-07-31 09:40:00,2025-07-31 11:50:00,LONG,182.1,180.1623340318038,184.2314325650158,180.1623340318038,6.87,981.51656753,SL,-2079.6345,23927.6832
2025-08-01 00:30:00,2025-08-01 00:50:00,SHORT,170.42,167.71021559047045,167.71021559047045,172.88344037229956,5.18,726.77150159,TP,1883.0885,25810.7717
2025-08-02 17:50:00,2025-08-02 18:45:00,SHORT,158.72,156.09226302367793,156.09226302367793,161.10885179665644,4.98,810.52150881,TP,2040.2111,27850.9828
2025-08-07 10:10:00,2025-08-07 10:55:00,LONG,171.38,173.21554259551505,173.21554259551505,169.71132491316814,7.45,1210.87604515,TP,2076.9061,29927.8889
2025-08-11 04:10:00,2025-08-11 07:30:00,LONG,185.89,183.6645092645937,188.3380398089469,183.6645092645937,6.17,992.88804861,SL,-2393.1263,27534.7626
2025-08-11 13:10:00,2025-08-11 13:45:00,SHORT,177.64,179.873385845886,175.18327556952536,179.873385845886,5.89,913.62811978,SL,-2203.8013,25330.9614
2025-08-12 17:15:00,2025-08-12 18:15:00,LONG,186.18,188.7761276859972,188.7761276859972,183.81988392182072,5.85,795.85281833,TP,1962.002,27292.9634
2025-08-15 15:00:00,2025-08-17 02:40:00,SHORT,186.86,190.34873339688139,183.0223932634305,190.34873339688139,4.07,594.03661774,SL,-2184.4733,25108.4901
2025-08-18 02:20:00,2025-08-18 03:30:00,SHORT,184.77,182.43569510499123,182.43569510499123,186.8920953590989,6.41,870.73968091,TP,1920.3578,27028.8479
2025-08-19 03:40:00,2025-08-19 09:20:00,SHORT,179.17,181.61243410955947,176.48332247948454,181.61243410955947,5.47,824.80334232,SL,-2163.3151,24865.5328
2025-08-20 17:40:00,2025-08-20 18:15:00,LONG,185.84,183.17304270503382,188.7736530244628,183.17304270503382,5.21,697.29546774,SL,-1988.3128,22877.22
2025-08-22 11:55:00,2025-08-22 12:30:00,SHORT,179.54,177.23133410884728,177.23133410884728,181.63878717377517,6.3,803.29885083,TP,1753.9626,24631.1826
2025-08-22 14:10:00,2025-08-22 14:15:00,LONG,190.42,187.85678929206918,193.2395317787239,187.85678929206918,5.53,715.59871873,SL,-1969.5775,22661.6051
2025-08-24 01:50:00,2025-08-24 02:25:00,LONG,208.67,211.33766682677856,211.33766682677856,206.2448483392922,6.34,688.32618175,TP,1735.3146,24396.9196
2025-08-25 02:15:00,2025-08-25 04:10:00,LONG,211.78,207.98343391632648,215.95622269204088,207.98343391632648,4.23,486.92241915,SL,-1950.8293,22446.0904
2025-08-28 04:45:00,2025-08-28 08:05:00,LONG,211.78,215.82785959504724,215.82785959504724,208.10012764086613,4.35,461.42025693,TP,1798.9872,24245.0775
2025-08-29 17:25:00,2025-08-30 13:10:00,SHORT,202.78,197.8594404303658,197.8594404303658,207.25323597239472,3.47,414.79888333,TP,1982.5718,26227.6493
2025-09-01 02:30:00,2025-09-01 07:30:00,SHORT,197.9,200.30404407527664,195.25555151719573,200.30404407527664,6.08,806.40163107,SL,-2099.1813,24128.4681
2025-09-01 21:20:00,2025-09-02 01:40:00,SHORT,196.12,198.79859713598108,193.1735431504208,198.79859713598108,5.46,671.46691456,SL,-1931.1767,22197.2913
2025-09-02 18:50:00,2025-09-03 00:10:00,LONG,206.34,209.65653741496305,209.65653741496305,203.32496598639722,5.12,551.25027359,TP,1748.255,23945.5464
2025-09-06 15:10:00,2025-09-06 17:50:00,SHORT,201.4,199.56623577323253,199.56623577323253,203.06705838797043,8.62,1025.25361036,TP,1735.9092,25681.4555
2025-09-08 09:50:00,2025-09-08 10:05:00,LONG,210.64,212.61247468703357,212.61247468703357,208.84684119360583,8.41,1025.31074173,TP,1870.815,27552.2705
2025-09-10 06:40:00,2025-09-10 07:30:00,LONG,219.33,221.955448955684,221.955448955684,216.94322822210546,6.73,845.77726705,TP,2090.2479,29642.5184
2025-09-11 10:55:00,2025-09-11 12:10:00,LONG,225.64,228.1183125449665,228.1183125449665,223.38698859548495,7.28,956.7305299,TP,2219.4894,31862.0078
2025-09-15 08:00:00,2025-09-15 08:50:00,SHORT,236.1,232.86183066186095,232.86183066186095,239.04379030739912,5.94,801.58759456,TP,2463.7171,34325.7249
2025-09-17 20:10:00,2025-09-17 20:50:00,LONG,240.85,237.63958713475293,244.38145415177178,237.63958713475293,5.58,795.66758593,SL,-2744.7808,31580.9441
2025-09-21 22:10:00,2025-09-21 22:45:00,SHORT,235.66,237.24741193940764,233.9138468666516,237.24741193940764,10.34,1385.83424782,SL,-2527.5755,29053.3686
2025-09-24 03:20:00,2025-09-24 03:25:00,SHORT,211.65,208.46686303424212,208.46686303424212,214.54376087796172,5.45,748.45796039,TP,2272.0329,31325.4015
2025-09-25 04:15:00,2025-09-25 12:25:00,SHORT,203.26,199.95049266913406,199.95049266913406,206.26864302805993,5.06,780.23280967,TP,2471.6896,33797.0911
2025-09-28 17:05:00,2025-09-28 20:20:00,LONG,204.82,206.95617291672883,206.95617291672883,202.8780246211556,7.63,1259.4434081,TP,2509.2794,36306.3705
2025-09-30 16:30:00,2025-09-30 18:25:00,SHORT,204.74,207.2447343518904,201.98479221292058,207.2447343518904,6.05,1071.98270282,SL,-2905.8522,33400.5183
2025-10-01 08:40:00,2025-10-01 12:20:00,LONG,215.15,217.98285587424078,217.98285587424078,212.57467647796292,6.17,957.55843783,TP,2567.8694,35968.3878
2025-10-03 15:50:00,2025-10-03 17:00:00,LONG,234.63,231.81899722741528,237.72210304984318,231.81899722741528,6.16,944.78593973,SL,-2876.1431,33092.2446
2025-10-04 14:55:00,2025-10-04 15:25:00,SHORT,226.72,224.19221613373043,224.19221613373043,229.01798533297236,7.18,1048.58952714,TP,2484.7225,35576.9671
2025-10-05 07:05:00,2025-10-05 09:30:00,LONG,236.11,233.78921830932956,238.6628598597375,233.78921830932956,7.39,1113.13176789,SL,-2844.8657,32732.1014
2025-10-06 17:20:00,2025-10-06 20:15:00,LONG,236.94,234.22368474648093,239.92794677887096,234.22368474648093,6.42,886.6717866,SL,-2617.3639,30114.7375
2025-10-07 14:00:00,2025-10-07 15:05:00,SHORT,226.2,223.26090464713377,223.26090464713377,228.871904866242,6.24,831.29462645,TP,2312.1156,32426.8532
2025-10-09 16:20:00,2025-10-09 22:35:00,SHORT,217.9,221.10707879329118,214.37221332737974,221.10707879329118,5.09,757.42023802,SL,-2595.3628,29831.4904
2025-10-10 15:15:00,2025-10-10 15:20:00,SHORT,216.45,213.2103668493304,213.2103668493304,219.39512104606325,5.48,754.85231664,TP,2331.5622,32163.0526
2025-10-16 05:50:00,2025-10-16 09:30:00,SHORT,191.95,187.83664126957035,187.83664126957035,195.6894170276633,3.91,654.49096677,TP,2604.7539,34767.8065
2025-10-19 09:45:00,2025-10-19 13:50:00,LONG,188.0,190.46903814300026,190.46903814300026,185.75541986999977,6.18,1143.40509615,TP,2672.0741,37439.8805
2025-10-21 04:35:00,2025-10-21 10:35:00,SHORT,183.7,186.12975664379957,181.02726769182044,186.12975664379957,5.62,1146.06471454,SL,-2996.5828,34443.2978
2025-10-21 15:20:00,2025-10-21 16:15:00,LONG,194.31,197.22382703309307,197.22382703309307,191.66106633355176,5.47,969.12686494,TP,2691.4856,37134.7833
2025-10-22 11:00:00,2025-10-22 11:15:00,SHORT,182.87,185.45663852026834,180.02469762770482,185.45663852026834,5.28,1072.67504085,SL,-2972.17,34162.6133
2025-10-26 09:20:00,2025-10-26 11:35:00,LONG,195.26,196.70282188567452,196.70282188567452,193.94834374029585,10.37,1813.64362446,TP,2368.3489,36530.9623
2025-10-28 19:20:00,2025-10-28 19:50:00,SHORT,197.47,194.57511652146408,194.57511652146408,200.10171225321446,5.58,1032.97586345,TP,2848.1556,39379.1179
2025-10-29 18:35:00,2025-10-29 18:50:00,SHORT,190.01,193.02177173120702,186.69705109567224,193.02177173120702,4.75,983.93010333,SL,-3151.8111,36227.3068
2025-10-30 12:20:00,2025-10-30 13:35:00,SHORT,189.27,185.84621075835952,185.84621075835952,192.38253567421864,4.59,877.75745343,TP,2889.5644,39116.8711
2025-11-02 15:55:00,2025-11-02 21:20:00,SHORT,183.67,185.37941259568572,181.7896461447457,185.37941259568572,7.76,1653.0444562,SL,-3130.7626,35986.1086
2025-11-03 00:05:00,2025-11-03 00:50:00,LONG,188.87,187.16174176784713,190.74908405536817,187.16174176784713,7.96,1517.49820415,SL,-2877.5925,33108.516
2025-11-07 19:10:00,2025-11-08 07:25:00,LONG,162.84,159.63213022482864,166.3686567526885,159.63213022482864,3.86,785.79333681,SL,-2647.4209,30461.0951
2025-11-09 19:20:00,2025-11-10 00:40:00,LONG,164.48,166.75760425385613,166.75760425385613,162.4094506783126,5.89,1090.31572176,TP,2357.2765,32818.3716
2025-11-11 21:45:00,2025-11-12 09:10:00,SHORT,155.8,158.18372741442562,153.17789984413184,158.18372741442562,4.91,1033.84185222,SL,-2626.7019,30191.6696
2025-11-12 16:10:00,2025-11-13 03:15:00,SHORT,153.2,150.55719782495765,150.55719782495765,155.60254743185664,4.8,945.05957116,TP,2396.7568,32588.4265
2025-11-16 16:10:00,2025-11-16 17:55:00,SHORT,136.49,134.3641026190205,134.3641026190205,138.42263398270865,5.28,1259.98931894,TP,2558.7606,35147.187
2025-11-17 16:15:00,2025-11-17 18:35:00,SHORT,133.7,130.85357165156103,130.85357165156103,136.2876621349445,3.93,1033.22337226,TP,2844.8851,37992.0721
2025-11-20 02:10:00,2025-11-20 10:05:00,LONG,143.59,141.07301087951828,146.3586880325299,141.07301087951828,4.32,1142.37000075,SL,-3037.9281,34954.144
2025-11-21 04:30:00,2025-11-21 07:30:00,SHORT,130.94,127.80294647537815,127.80294647537815,133.79186684056532,3.51,937.48327428,TP,2855.5956,37809.7396
2025-11-25 23:05:00,2025-11-26 09:05:00,LONG,139.59,137.46212775058092,141.930659474361,137.46212775058092,4.92,1333.99317612,SL,-3023.3599,34786.3797
2025-11-26 17:45:00,2025-11-26 18:15:00,LONG,140.77,143.0458831690424,143.0458831690424,138.70101530087055,5.1,1259.3752502,TP,2741.5201,37527.8998
2025-11-29 17:50:00,2025-11-29 18:30:00,SHORT,136.14,134.83411561034083,134.83411561034083,137.32716762696285,8.23,2268.73322988,TP,2747.0901,40274.9899
2025-11-30 13:15:00,2025-11-30 13:30:00,LONG,138.2,139.3881623644189,139.3881623644189,137.1198523959828,9.07,2644.56480635,TP,2885.7087,43160.6987
2025-11-30 23:50:00,2025-12-01 00:00:00,SHORT,133.73,132.3524592398683,132.3524592398683,134.98230978193791,7.72,2491.16651602,TP,3199.1692,46359.8678
2025-12-02 17:00:00,2025-12-03 04:45:00,LONG,139.73,142.02889487838632,142.02889487838632,137.64009556510334,5.01,1663.40695574,TP,3660.5334,50020.4013
2025-12-03 21:55:00,2025-12-03 22:25:00,LONG,145.44,143.43050216174882,147.6504476220763,143.43050216174882,5.4,1856.95941267,SL,-3999.7663,46020.635
2025-12-07 14:10:00,2025-12-07 14:20:00,SHORT,131.14,129.97556654056285,129.97556654056285,132.19857587221557,8.82,3094.56306543,TP,3320.0588,49340.6937
2025-12-09 16:00:00,2025-12-09 16:10:00,LONG,138.96,140.89830728904357,140.89830728904357,137.19790246450586,5.85,2076.34720331,TP,3821.8236,53162.5173
2025-12-11 02:15:00,2025-12-11 03:40:00,SHORT,131.72,129.01965764221345,129.01965764221345,134.17485668889688,4.07,1644.2587609,TP,4289.3424,57451.8596
2025-12-14 11:40:00,2025-12-14 11:50:00,SHORT,130.43,131.45994398742792,129.2970616138293,131.45994398742792,8.99,3960.92020313,SL,-4598.1885,52853.6711
2025-12-15 14:10:00,2025-12-15 14:15:00,LONG,133.76,135.21227794175536,135.21227794175536,132.43974732567693,7.36,2908.01707717,TP,3950.121,56803.792
2025-12-15 15:20:00,2025-12-15 17:30:00,SHORT,127.05,125.26692265714802,125.26692265714802,128.6709794025927,5.81,2599.67215464,TP,4405.1418,61208.9338
2025-12-17 14:50:00,2025-12-17 15:00:00,LONG,130.99,132.76111813212643,132.76111813212643,129.3798926071578,6.02,2812.4300939,TP,4722.2696,65931.2034
2025-12-17 17:00:00,2025-12-18 13:30:00,SHORT,122.96,125.03039250351833,120.68256824612983,125.03039250351833,4.48,2404.76451451,SL,-5276.9857,60654.2177
2025-12-18 17:20:00,2025-12-18 17:40:00,SHORT,121.14,123.20192340635846,118.87188425300569,123.20192340635846,4.44,2222.71941366,SL,-4854.629,55799.5887
2025-12-22 00:10:00,2025-12-22 00:20:00,LONG,127.54,126.49499911780799,128.68950097041122,126.49499911780799,8.7,3807.08866198,SL,-4461.9779,51337.6108
2025-12-23 13:35:00,2025-12-23 16:45:00,SHORT,123.31,124.53641107970826,121.96094781232092,124.53641107970826,7.31,3042.85746783,SL,-4108.8748,47228.7361
2025-12-25 23:30:00,2025-12-25 23:45:00,SHORT,120.85,119.80009030720267,119.80009030720267,121.80446335708847,8.99,3513.6724201,TP,3392.5374,50621.2735
2025-12-26 13:45:00,2025-12-26 14:35:00,LONG,124.93,123.85584382480052,126.11157179271945,123.85584382480052,8.34,3377.3234678,SL,-4047.888,46573.3855
2025-12-28 11:10:00,2025-12-28 18:00:00,LONG,124.78,124.10533260394335,125.52213413566233,124.10533260394335,12.49,4660.55785327,SL,-3724.2987,42849.0868
2025-12-28 23:45:00,2025-12-29 00:20:00,LONG,125.35,126.1694403949956,126.1694403949956,124.60505418636762,11.52,3938.80665877,TP,2881.3612,45730.448
2025-12-29 13:50:00,2025-12-29 14:35:00,SHORT,123.03,124.26508385632972,121.6714077580373,124.26508385632972,7.25,2693.76225154,SL,-3660.0994,42070.3486
2025-12-31 11:05:00,2025-12-31 14:45:00,LONG,126.36,125.3872200099342,127.43005798907238,125.3872200099342,9.2,3062.05571797,SL,-3364.1385,38706.2101
2025-12-31 20:30:00,2025-12-31 22:10:00,SHORT,123.64,124.73143256262152,122.43942418111632,124.73143256262152,8.14,2548.40484727,SL,-3097.8875,35608.3226
2026-01-02 03:10:00,2026-01-02 09:10:00,LONG,127.38,128.2938643986209,128.2938643986209,126.54921418307188,10.64,2973.04052899,TP,2451.3184,38059.641
2026-01-03 22:35:00,2026-01-04 00:05:00,LONG,133.3,134.36114115629232,134.36114115629232,132.33532622155246,9.71,2773.08195948,TP,2683.2866,40742.9276
2026-01-05 19:15:00,2026-01-05 20:25:00,LONG,138.08,139.7722992997308,139.7722992997308,136.54154609115386,6.59,1944.15048049,TP,3101.5127,43844.4402
2026-01-07 15:15:00,2026-01-08 02:10:00,SHORT,135.75,137.35152604573662,133.98832134968973,137.35152604573662,6.25,2018.99705388,SL,-3509.172,40335.2683
2026-01-11 12:40:00,2026-01-11 14:10:00,LONG,136.87,137.60459685589163,137.60459685589163,136.20218467646217,13.61,4010.04140031,TP,2560.9766,42896.2449
2026-01-13 19:50:00,2026-01-13 22:10:00,LONG,144.11,145.969737039096,145.969737039096,142.4193299644582,6.28,1870.36021908,TP,3289.0062,46185.251
2026-01-16 15:40:00,2026-01-16 17:25:00,SHORT,140.82,142.1204488635888,139.3895062500523,142.1204488635888,7.82,2563.58836049,SL,-3696.487,42488.764
2026-01-18 23:25:00,2026-01-18 23:35:00,SHORT,140.06,139.15980651507792,139.15980651507792,140.87835771356555,11.69,3546.57585691,TP,2845.5296,45334.2937
2026-01-20 08:10:00,2026-01-20 08:45:00,SHORT,129.62,128.29846097559445,128.29846097559445,130.82139911309596,7.79,2724.78693728,TP,3354.4016,48688.6953
2026-01-23 13:55:00,2026-01-23 14:35:00,SHORT,126.77,125.59463228395684,125.59463228395684,127.83851610549377,8.48,3258.71404809,TP,3541.7783,52230.4736
2026-01-25 15:50:00,2026-01-25 16:00:00,SHORT,125.53,124.78641904607447,124.78641904607447,126.20598268538684,12.53,5213.18996393,TP,3419.1158,55649.5894
2026-01-27 16:05:00,2026-01-27 17:10:00,LONG,125.84,124.71403289334103,127.07856381732488,124.71403289334103,8.04,3556.43224158,SL,-4449.9649,51199.6245
2026-01-29 15:10:00,2026-01-29 15:40:00,SHORT,117.66,116.3056854990227,116.3056854990227,118.89119500088844,6.98,3036.62732936,TP,3863.2682,55062.8927
2026-01-31 14:20:00,2026-01-31 14:25:00,SHORT,110.98,109.19469138363152,109.19469138363152,112.60300783306226,5.12,2540.40503279,TP,4338.9602,59401.8529
2026-02-04 05:50:00,2026-02-04 06:45:00,SHORT,96.58,98.55915790381172,94.4029263058071,98.55915790381172,3.72,2289.37777876,SL,-4754.4138,54647.4391
2026-02-09 08:15:00,2026-02-09 10:30:00,SHORT,84.89,83.27901038230003,83.27901038230003,86.35453601609088,4.38,2821.55784529,TP,4378.7441,59026.1832
2026-02-10 18:30:00,2026-02-11 04:55:00,SHORT,83.15,81.6373258324668,81.6373258324668,84.5251583341211,4.56,3238.0632723,TP,4710.6428,63736.826
2026-02-12 17:00:00,2026-02-12 20:45:00,SHORT,78.16,76.64077384832379,76.64077384832379,79.54111468334202,4.28,3494.16469712,TP,5118.3153,68855.1414
2026-02-14 15:15:00,2026-02-14 22:35:00,LONG,87.46,88.61446149004166,88.61446149004166,86.41048955450756,6.15,4844.81485897,TP,5295.4243,74150.5657
2026-02-18 11:55:00,2026-02-18 14:45:00,SHORT,82.8,81.66190750427916,81.66190750427916,83.8346295415644,5.93,5308.65260986,TP,5735.2565,79885.8222
2026-02-19 13:05:00,2026-02-19 14:55:00,SHORT,80.27,81.23569832754475,79.20773183970077,81.23569832754475,6.14,6109.99932508,SL,-6393.816,73492.0062
2026-02-21 11:05:00,2026-02-21 14:20:00,LONG,85.39,86.35731865687224,86.35731865687224,84.51061940284343,7.08,6094.05024781,TP,5529.4499,79021.4561
2026-02-23 00:30:00,2026-02-23 01:00:00,SHORT,81.96,81.16774834278046,81.16774834278046,82.68022877929047,8.17,7880.58453133,TP,5792.5299,84813.986
2026-02-24 01:15:00,2026-02-24 01:25:00,SHORT,76.64,77.79680891939121,75.36751018866967,77.79680891939121,4.97,5500.93220225,SL,-6788.3006,78025.6854
2026-02-25 15:40:00,2026-02-25 16:25:00,LONG,86.07,87.40165146222034,87.40165146222034,84.85940776161786,5.31,4813.94047285,TP,6119.1737,84144.859
2026-02-27 11:15:00,2026-02-27 12:40:00,SHORT,84.21,82.86168910430287,82.86168910430287,85.43573717790647,5.14,5138.82455435,TP,6627.2006,90772.0596
2026-03-01 02:00:00,2026-03-01 06:05:00,LONG,88.25,86.71412133413541,89.93946653245105,86.71412133413541,4.35,4471.17578971,SL,-7258.3312,83513.7284
2026-03-02 15:35:00,2026-03-02 16:45:00,LONG,88.53,90.22809235498954,90.22809235498954,86.98627967728223,4.34,4093.18238932,TP,6695.553,90209.2814
2026-03-04 09:20:00,2026-03-04 15:20:00,LONG,89.88,91.7421937886665,91.7421937886665,88.18709655575772,4.03,4048.01970703,TP,7282.0043,97491.2858
2026-03-07 15:35:00,2026-03-07 19:45:00,SHORT,83.51,82.58746298323176,82.58746298323176,84.34867001524387,7.24,8457.46245996,TP,7309.4848,104800.7705
2026-03-09 03:10:00,2026-03-09 03:45:00,LONG,84.19,83.03062455973298,85.46531298429372,83.03062455973298,5.42,6741.95452066,SL,-8380.1534,96420.6171
2026-03-13 00:15:00,2026-03-13 00:20:00,LONG,88.22,89.51245748050076,89.51245748050076,87.04503865409022,5.59,6106.52571275,TP,7513.744,103934.3611
2026-03-16 00:00:00,2026-03-16 00:25:00,LONG,92.89,91.92816836568109,93.9480147977508,91.92816836568109,7.05,7883.35861823,SL,-8310.9577,95623.4034
2026-03-18 11:25:00,2026-03-18 11:30:00,SHORT,93.3,92.1827904414435,92.1827904414435,94.31564505323318,6.73,6898.33301581,TP,7257.8948,102881.2982
2026-03-19 12:50:00,2026-03-19 16:15:00,SHORT,88.18,87.0176480826868,87.0176480826868,89.23668356119383,6.16,7189.06963142,TP,7914.1476,110795.4459
2026-03-21 02:50:00,2026-03-21 15:00:00,LONG,90.48,89.5110253072526,91.54587216202215,89.5110253072526,6.83,8366.22436887,SL,-8859.5823,101935.8635
2026-03-21 23:50:00,2026-03-21 23:55:00,SHORT,87.77,87.04600792397743,87.04600792397743,88.42817461456598,9.41,10932.27154117,TP,7244.7931,109180.6566
2026-03-22 21:05:00,2026-03-22 21:20:00,SHORT,86.02,85.1630708502497,85.1630708502497,86.79902649977299,7.96,10097.09019394,TP,8046.2352,117226.8919
2026-03-23 11:05:00,2026-03-23 11:10:00,LONG,90.71,91.9072474522959,91.9072474522959,89.62159322518553,6.15,7953.53907976,TP,9015.4241,126242.3159
2026-03-24 09:55:00,2026-03-24 13:20:00,LONG,92.08,90.96387492104412,93.30773758685146,90.96387492104412,6.1,8358.99918701,SL,-10094.7204,116147.5955
2026-03-25 05:05:00,2026-03-25 15:05:00,LONG,92.58,91.50753979550927,93.75970622493979,91.50753979550927,6.36,7975.52531033,SL,-9287.5309,106860.0646
2026-03-26 08:20:00,2026-03-26 09:30:00,SHORT,88.65,87.66039953097273,87.66039953097273,89.5496367900248,7.18,8650.12590577,TP,8025.0971,114885.1617
2026-03-28 23:10:00,2026-03-29 02:40:00,SHORT,81.93,82.65382346844565,81.1337941847098,82.65382346844565,8.13,11406.48262103,SL,-9194.9411,105690.2206
2026-03-29 15:25:00,2026-03-29 22:40:00,SHORT,81.53,80.78892286059413,80.78892286059413,82.20370649036897,8.64,11195.45699462,TP,7659.4207,113349.6413
2026-03-30 08:00:00,2026-03-30 17:25:00,LONG,84.12,83.20619753294294,85.12518271376278,83.20619753294294,6.74,9086.84953052,SL,-9063.8195,104285.8218
2026-04-01 16:35:00,2026-04-01 17:00:00,LONG,84.96,86.14041705801121,86.14041705801121,83.88689358362616,5.87,7204.13408301,TP,8073.7377,112359.5595
2026-04-02 01:15:00,2026-04-02 02:20:00,SHORT,79.92,78.56100670334843,78.56100670334843,81.15544845150143,4.86,6833.64782545,TP,8906.4374,121265.9968
2026-04-04 15:00:00,2026-04-04 15:05:00,LONG,80.88,81.46013820417251,81.46013820417251,80.35260163257044,10.64,15948.75022233,TP,8347.6744,129613.6712
2026-04-05 06:10:00,2026-04-05 10:35:00,SHORT,79.55,80.05145837138492,78.99839579147657,80.05145837138492,10.95,17846.71995863,SL,-10373.5684,119240.1028
2026-04-05 23:15:00,2026-04-06 00:00:00,LONG,81.7,82.43715052032964,82.43715052032964,81.0298631633367,8.69,12687.87024158,TP,8625.3803,127865.4831
2026-04-07 14:05:00,2026-04-07 17:20:00,SHORT,78.42,79.21617818191959,77.54420399988845,79.21617818191959,7.17,11695.92946804,SL,-10233.8947,117631.5884
2026-04-07 22:00:00,2026-04-07 22:30:00,LONG,83.0,84.05003102489566,84.05003102489566,82.04542634100395,6.4,9069.74362097,TP,8994.6554,126626.2438
2026-04-11 18:45:00,2026-04-11 19:30:00,LONG,85.52,86.20312892428844,86.20312892428844,84.89897370519233,9.68,14337.4886827,TP,8934.0949,135560.3387
2026-04-12 14:30:00,2026-04-12 20:35:00,SHORT,81.67,82.30946826340741,80.96658491025185,82.30946826340741,9.06,15038.48519781,SL,-10849.6354,124710.7033
2026-04-13 13:45:00,2026-04-13 14:20:00,LONG,83.52,82.80358322305531,84.30805845463915,82.80358322305531,8.35,12472.05598495,SL,-9972.3887,114738.3147
2026-04-16 13:10:00,2026-04-16 13:50:00,LONG,85.85,85.07864531310709,86.69849015558219,85.07864531310709,8.01,10708.13693989,SL,-9174.9353,105563.3794
2026-04-18 08:35:00,2026-04-18 11:40:00,SHORT,87.24,86.28130443496721,86.28130443496721,88.11154142275707,7.28,8808.12889086,TP,7908.1082,113471.4875
2026-04-22 02:15:00,2026-04-22 05:20:00,LONG,86.9,87.86784779693548,87.86784779693548,86.0201383664223,7.19,9389.82132374,TP,8514.9175,121986.405
