timestamp,Open,High,Low,Close,Volume,bb_upper_20_2,bb_lower_20_2,bb_upper_4_4,bb_lower_4_4
2025-11-23 11:20:00+00:00,85919.8,85982.7,85891.4,85940.0,67.151,,,,
2025-11-23 11:25:00+00:00,85939.9,86069.0,85931.6,85980.0,124.837,,,,
2025-11-23 11:30:00+00:00,85979.9,86152.1,85958.3,86140.0,81.041,,,,
2025-11-23 11:35:00+00:00,86140.0,86169.9,86030.3,86059.9,54.006,,,86337.18181958576,85722.76818041425
2025-11-23 11:40:00+00:00,86058.1,86213.0,86058.1,86186.9,56.175,,,86407.19364494388,85776.20635505611
2025-11-23 11:45:00+00:00,86186.8,86353.0,86181.7,86289.6,111.332,,,86501.41635530013,85836.78364469988
2025-11-23 11:50:00+00:00,86283.8,86286.9,86120.1,86207.6,69.396,,,86515.25090736391,85856.74909263609
2025-11-23 11:55:00+00:00,86207.5,86266.9,86175.2,86260.0,31.969,,,86399.32016220619,86072.7298377938
2025-11-23 12:00:00+00:00,86259.9,86397.9,86190.1,86358.8,99.588,,,86497.53475696086,86060.46524303914
2025-11-23 12:05:00+00:00,86357.3,86438.2,86303.1,86326.9,110.461,,,86523.04685667282,86053.60314332717
2025-11-23 12:10:00+00:00,86326.8,86568.0,86326.8,86532.0,122.848,,,86771.05033535618,85967.79966464383
2025-11-23 12:15:00+00:00,86527.2,86745.4,86527.2,86702.6,267.413,,,87081.35293074421,85878.79706925579
2025-11-23 12:20:00+00:00,86702.6,86783.0,86632.5,86728.5,138.753,,,87215.0624327644,85929.9375672356
2025-11-23 12:25:00+00:00,86735.0,86777.0,86620.0,86704.4,99.045,,,86981.0297866899,86352.7202133101
2025-11-23 12:30:00+00:00,86703.2,86722.9,86616.2,86641.5,107.892,,,86822.75478590388,86565.74521409612
2025-11-23 12:35:00+00:00,86636.0,86827.0,86562.5,86612.5,241.897,,,86858.40341332137,86485.04658667864
2025-11-23 12:40:00+00:00,86612.4,86612.4,86413.6,86529.9,161.617,,,86873.01441499923,86371.13558500077
2025-11-23 12:45:00+00:00,86530.0,86574.7,86384.2,86430.8,93.356,,,86881.31582468477,86226.0341753152
2025-11-23 12:50:00+00:00,86430.9,86614.2,86430.8,86556.8,97.178,,,86795.86393071209,86269.13606928791
2025-11-23 12:55:00+00:00,86556.8,86567.4,86400.7,86461.5,68.41,86861.18329108693,85903.83670891306,86697.53944745746,86291.96055254254
2025-11-23 13:00:00+00:00,86461.4,86630.0,86427.5,86625.2,96.098,86860.67291325917,85972.86708674081,86827.06841970312,86210.0815802969
2025-11-23 13:05:00+00:00,86627.2,86680.8,86486.5,86559.0,98.827,86845.20673870355,86046.23326129645,86783.97424469587,86317.27575530413
2025-11-23 13:10:00+00:00,86564.9,86564.9,86241.6,86274.2,144.931,86835.31436426681,86069.5456357332,87009.20057572373,85950.74942427628
2025-11-23 13:15:00+00:00,86277.0,86527.9,86277.0,86521.6,114.732,86814.05555163302,86136.97444836698,87026.06775462283,85963.93224537717
2025-11-23 13:20:00+00:00,86521.7,86572.5,86318.1,86369.9,80.258,86800.64917223019,86168.68082776983,86891.22581241108,85971.12418758892
2025-11-23 13:25:00+00:00,86370.0,86435.4,86332.5,86400.0,70.665,86796.0406474875,86184.32935251252,86744.83177695835,86038.01822304165
2025-11-23 13:30:00+00:00,86400.0,86497.5,86330.6,86416.0,67.704,86780.32485610606,86220.88514389396,86655.43140441715,86198.31859558285
2025-11-23 13:35:00+00:00,86416.0,86654.6,86384.3,86587.5,81.948,86776.02175416329,86257.93824583673,86782.76932767611,86103.9306723239
2025-11-23 13:40:00+00:00,86587.5,86659.9,86568.2,86638.1,62.887,86784.4255197643,86277.46448023568,86926.81911579579,86093.9808842042
2025-11-23 13:45:00+00:00,86640.0,86806.5,86571.5,86798.1,141.032,86815.233912666,86293.77608733402,87155.13485867852,86064.71514132149
2025-11-23 13:50:00+00:00,86798.2,86865.2,86665.0,86726.4,183.061,86835.16767936225,86293.28232063777,87011.16632925246,86363.88367074753
2025-11-23 13:55:00+00:00,86726.5,86863.9,86707.5,86863.9,102.665,86867.7240054902,86276.85599450981,87092.42153065561,86420.82846934439
2025-11-23 14:00:00+00:00,86863.8,87136.0,86816.6,87071.0,440.362,86951.3130645154,86227.51693548461,87379.13665158692,86350.5633484131
2025-11-23 14:05:00+00:00,87071.0,87075.2,86685.1,86749.8,262.644,86956.99303043456,86226.37696956543,87398.01038953415,86307.53961046584
2025-11-23 14:10:00+00:00,86749.9,86829.9,86670.9,86736.5,111.545,86966.64801584356,86226.22198415644,87391.37514398679,86319.22485601321
2025-11-23 14:15:00+00:00,86736.5,86790.0,86581.4,86582.8,114.972,86965.13160678238,86224.76839321762,87495.72079286806,86074.32920713193
2025-11-23 14:20:00+00:00,86582.6,86670.0,86568.3,86666.7,76.577,86971.96643306939,86231.6135669306,86949.48048789216,86418.41951210784
2025-11-23 14:25:00+00:00,86666.8,86771.0,86666.0,86717.7,86.001,86980.89106245818,86251.37893754184,86914.01613801281,86437.8338619872
2025-11-23 14:30:00+00:00,86717.5,86829.2,86655.0,86812.5,98.242,87002.28426502812,86255.5557349719,87027.8589123614,86361.99108763861
2025-11-23 14:35:00+00:00,86815.0,86873.1,86589.1,86673.6,161.512,87005.23578668803,86273.81421331195,86950.28636335948,86484.96363664052
2025-11-23 14:40:00+00:00,86673.6,86792.4,86656.8,86697.5,69.314,87009.64141282126,86276.63858717874,86936.10761313567,86514.54238686433
2025-11-23 14:45:00+00:00,86697.5,86783.1,86495.2,86615.1,120.705,87010.68210244502,86281.207897555,86986.49931905308,86412.85068094693
2025-11-23 14:50:00+00:00,86615.0,86615.0,86416.3,86505.9,183.399,86987.34806560585,86327.71193439414,86918.89948352326,86327.15051647673
2025-11-23 14:55:00+00:00,86505.9,86586.9,86452.6,86487.4,82.883,86988.7790221033,86322.86097789671,86917.38042676832,86235.5695732317
2025-11-23 15:00:00+00:00,86487.5,86523.2,86377.1,86477.5,107.964,86978.62004977629,86343.7799502237,86741.5034299812,86301.44657001882
2025-11-23 15:05:00+00:00,86477.5,86631.5,86429.5,86562.5,72.342,86967.30935445504,86371.34064554496,86639.91295537572,86376.73704462427
2025-11-23 15:10:00+00:00,86562.6,86705.2,86558.8,86632.6,58.58,86955.40135129279,86404.9086487072,86791.0300380433,86288.9699619567
2025-11-23 15:15:00+00:00,86633.0,86692.2,86589.2,86680.0,36.514,86956.73221344933,86412.82778655067,86893.52563753533,86282.77436246465
2025-11-23 15:20:00+00:00,86682.4,86754.4,86535.5,86632.6,92.656,86956.65652011333,86412.35347988667,86794.63841627966,86459.21158372035
2025-11-23 15:25:00+00:00,86632.6,86672.6,86548.9,86634.9,35.898,86944.1349809552,86408.5550190448,86725.88358025112,86564.16641974887
2025-11-23 15:30:00+00:00,86634.9,86802.0,86593.5,86796.0,77.057,86951.90108402797,86407.74891597203,86951.19524046482,86420.55475953518
2025-11-23 15:35:00+00:00,86795.1,86940.0,86748.1,86935.0,152.084,86966.61308140114,86400.14691859884,87253.09776986986,86246.15223013014
2025-11-23 15:40:00+00:00,86937.5,87007.4,86911.0,86952.2,133.325,86931.37469554196,86423.50530445801,87340.12052485364,86318.92947514635
2025-11-23 15:45:00+00:00,86952.2,87000.0,86859.7,86911.1,151.246,86957.70870662428,86413.30129337573,87142.5498142754,86654.60018572463
2025-11-23 15:50:00+00:00,86911.1,86997.8,86842.8,86992.5,110.79,87001.2383027252,86395.37169727481,87066.49629624194,86828.90370375809
2025-11-23 15:55:00+00:00,86992.4,87194.9,86987.5,87022.5,129.788,87049.20856682165,86391.37143317837,87137.47768014789,86801.67231985214
2025-11-23 16:00:00+00:00,87022.5,87257.6,87011.4,87207.0,185.262,87137.26798529478,86357.34201470524,87466.33761672069,86600.2123832793
2025-11-23 16:05:00+00:00,87207.0,87442.9,87156.9,87208.0,396.508,87209.92943199161,86333.71056800838,87509.74619327114,86705.25380672886
2025-11-23 16:10:00+00:00,87210.0,87227.4,87049.2,87136.9,159.831,87254.10140110506,86321.97859889493,87446.10302478026,86841.09697521976
2025-11-23 16:15:00+00:00,87137.0,87150.0,86994.0,87017.4,119.075,87278.44574825869,86332.01425174133,87453.01293024706,86831.63706975293
2025-11-23 16:20:00+00:00,87017.4,87041.1,86920.0,86920.1,88.586,87289.38802200294,86343.33197799706,87512.21041654504,86628.98958345497
2025-11-23 16:25:00+00:00,86920.1,87068.2,86903.1,87007.5,89.649,87306.53447548611,86365.42552451388,87329.07005828999,86711.87994171002
2025-11-23 16:30:00+00:00,87009.9,87243.4,86872.5,87208.8,230.105,87342.81262915728,86399.43737084272,87460.00355531774,86616.89644468225
2025-11-23 16:35:00+00:00,87208.9,87325.0,87156.9,87306.0,140.623,87385.51295790124,86438.59704209874,87726.21111101178,86494.98888898823
2025-11-23 16:40:00+00:00,87306.0,87359.7,87253.3,87283.5,100.443,87407.86871647846,86496.84128352153,87671.91160311051,86730.98839688949
2025-11-23 16:45:00+00:00,87283.9,87283.9,87158.0,87177.4,173.417,87411.40292083996,86554.79707916005,87454.43701866253,87033.41298133747
2025-11-23 16:50:00+00:00,87172.1,87184.3,87018.9,87026.7,157.051,87399.92007891295,86605.68992108706,87639.95026894035,86756.84973105964
2025-11-23 16:55:00+00:00,87026.6,87093.7,86608.2,86630.0,294.615,87406.05305717346,86594.55694282656,88021.36463646691,86037.43536353308
2025-11-23 17:00:00+00:00,86632.4,86682.4,86439.7,86655.0,360.084,87403.21124105366,86599.63875894634,87816.42318222598,85928.12681777401
2025-11-23 17:05:00+00:00,86655.0,86774.9,86611.2,86657.5,132.73,87400.31855024064,86604.79144975937,87400.50051656038,86084.0994834396
2025-11-23 17:10:00+00:00,86656.1,86717.5,86564.4,86654.0,74.353,87412.3234755412,86578.5865244588,86693.58565676723,86604.66434323277
2025-11-23 17:15:00+00:00,86654.1,86707.5,86503.0,86619.5,89.867,87427.25278112061,86532.1072188794,86709.06196927982,86583.93803072018
2025-11-23 17:20:00+00:00,86619.5,86682.2,86541.4,86602.4,59.271,87439.07028225125,86485.30971774875,86726.28804387948,86540.41195612053
2025-11-23 17:25:00+00:00,86606.0,86868.9,86589.3,86837.3,97.99,87438.03915794233,86478.96084205767,87052.94511207308,86303.65488792692
2025-11-23 17:30:00+00:00,86837.3,86837.3,86698.4,86782.2,159.459,87433.26912409643,86462.70087590357,87116.23495907131,86304.4650409287
2025-11-23 17:35:00+00:00,86786.0,86905.0,86767.5,86777.4,71.394,87425.22902185812,86446.2309781419,87103.06445136464,86396.58554863535
2025-11-23 17:40:00+00:00,86777.4,86830.0,86758.6,86816.0,40.316,87391.81647294972,86440.5435270503,86901.88172810565,86704.56827189436
2025-11-23 17:45:00+00:00,86815.9,86822.0,86533.4,86597.4,121.299,87360.82795192963,86410.47204807035,87085.29157642076,86401.20842357924
2025-11-23 17:50:00+00:00,86597.4,86672.8,86546.0,86616.0,39.937,87333.94415071397,86385.26584928605,87086.50103950006,86316.89896049994
2025-11-23 17:55:00+00:00,86616.0,86734.9,86604.4,86688.0,36.047,87317.28939373694,86368.98060626305,87022.72775117251,86335.9722488275
2025-11-23 18:00:00+00:00,86688.1,86880.0,86688.1,86783.0,63.139,87309.74905537748,86362.81094462251,86962.81849444332,86379.3815055567
2025-11-23 18:05:00+00:00,86783.0,86850.0,86778.3,86826.1,20.518,87294.11615288306,86360.30384711696,87055.64211808055,86400.90788191944
2025-11-23 18:10:00+00:00,86822.0,86822.0,86662.5,86749.0,72.718,87237.79625673006,86370.64374326995,86963.45476501847,86559.59523498152
2025-11-23 18:15:00+00:00,86748.9,87091.6,86728.0,87047.5,250.342,87177.04173802905,86405.54826197095,87317.2738885155,86385.52611148449
2025-11-23 18:20:00+00:00,87049.7,87124.4,86885.8,86948.4,237.197,87097.27963128203,86451.80036871799,87349.48086166868,86436.01913833132
2025-11-23 18:25:00+00:00,86948.5,86964.9,86765.8,86828.7,156.144,87023.69903200383,86490.51096799616,87348.63295135635,86438.16704864363
2025-11-23 18:30:00+00:00,86824.2,86975.2,86813.5,86970.4,120.549,87010.42148888815,86498.15851111183,87262.64431342525,86634.85568657475
2025-11-23 18:35:00+00:00,86971.9,87087.5,86968.4,87075.1,55.947,87061.35442733705,86491.73557266295,87305.8198445051,86605.4801554949
2025-11-23 18:40:00+00:00,87079.0,87200.0,87077.0,87132.6,147.257,87118.6007179611,86482.2492820389,87464.00319055878,86539.39680944121
2025-11-23 18:45:00+00:00,87132.5,87132.5,86907.6,86925.4,164.87,87129.34547028736,86498.29452971263,87354.42348957328,86697.32651042672
2025-11-23 18:50:00+00:00,86925.3,87043.5,86873.1,87010.6,117.703,87149.3301441703,86513.9698558297,87344.06696403751,86727.7830359625
2025-11-23 18:55:00+00:00,87011.8,87011.8,86873.2,86929.0,56.882,87151.84889387782,86542.40110612218,87335.85112572383,86662.94887427616
2025-11-23 19:00:00+00:00,86929.0,87143.4,86873.1,87124.5,138.46,87179.07322846854,86567.38677153148,87321.04895632152,86673.70104367848
2025-11-23 19:05:00+00:00,87121.7,87176.9,86977.6,87123.3,93.882,87211.52217336233,86563.53782663766,87375.95065329761,86717.7493467024
2025-11-23 19:10:00+00:00,87124.6,87197.4,87110.1,87182.2,53.004,87251.7946197332,86563.26538026679,87473.00307565757,86706.49692434243
2025-11-23 19:15:00+00:00,87181.7,87346.0,87175.3,87345.1,195.002,87323.47407046547,86548.35592953455,87555.984814888,86831.56518511202
2025-11-23 19:20:00+00:00,87335.0,87490.8,87243.6,87437.6,149.191,87407.22200269297,86526.76799730702,87773.81763546623,86770.28236453378
2025-11-23 19:25:00+00:00,87437.6,87459.0,87264.3,87269.6,99.576,87425.19321215391,86576.0167878461,87685.3010279092,86931.9489720908
2025-11-23 19:30:00+00:00,87269.6,87580.9,87257.6,87532.6,176.31,87492.40935924057,86600.46064075943,87790.97903734683,87001.47096265318
2025-11-23 19:35:00+00:00,87534.9,87626.0,87482.5,87517.5,113.1,87546.92823885336,86628.89176114665,87857.03833471857,87021.61166528145
2025-11-23 19:40:00+00:00,87517.5,87617.4,87460.0,87567.3,73.125,87608.70096648922,86645.54903351078,87944.1490262498,86999.3509737502
2025-11-23 19:45:00+00:00,87572.5,87608.6,87427.8,87481.6,79.075,87644.2819814981,86675.51801850188,87647.82087389739,87401.67912610261
2025-11-23 19:50:00+00:00,87479.4,87552.5,87443.8,87480.0,65.705,87661.21589160568,86731.68410839431,87653.52758717685,87369.67241282316
2025-11-23 19:55:00+00:00,87477.5,87504.9,87216.0,87269.8,214.801,87668.16459303067,86746.9654069693,87888.44358365399,87010.90641634601
2025-11-23 20:00:00+00:00,87269.9,87460.0,87269.9,87453.5,76.45,87689.17975983868,86776.46024016131,87773.76349435441,87068.6865056456
2025-11-23 20:05:00+00:00,87450.8,87450.8,87159.5,87269.5,106.436,87671.90636864504,86837.81363135496,87764.17767614045,86972.22232385958
2025-11-23 20:10:00+00:00,87269.5,87400.0,87205.9,87386.8,60.056,87675.0443930047,86876.31560699531,87660.33455739907,87029.46544260092
2025-11-23 20:15:00+00:00,87386.8,87526.6,87354.9,87516.8,81.491,87699.16534018422,86896.36465981578,87772.88538878926,87040.41461121076
2025-11-23 20:20:00+00:00,87516.7,87654.4,87405.7,87622.4,191.315,87739.80125360552,86904.70874639446,87980.86532886104,86916.88467113896
2025-11-23 20:25:00+00:00,87615.8,87630.0,87539.3,87576.7,29.661,87744.11761160327,86965.52238839674,87879.64848771026,87171.70151228974
2025-11-23 20:30:00+00:00,87576.7,87594.7,87363.0,87382.4,87.527,87729.2539652432,87017.5660347568,87885.46793426415,87163.68206573588
2025-11-23 20:35:00+00:00,87387.4,87596.2,87387.4,87577.5,44.978,87707.91098563936,87103.75901436062,87910.58910257928,87168.91089742072
2025-11-23 20:40:00+00:00,87575.6,87585.0,87374.2,87472.6,47.783,87697.2834301347,87149.19656986531,87827.55989608579,87177.04010391422
2025-11-23 20:45:00+00:00,87472.5,87502.5,87390.1,87414.7,27.793,87675.0281434882,87200.59185651179,87758.62250588807,87164.97749411194
2025-11-23 20:50:00+00:00,87414.8,87537.5,87414.8,87425.0,56.473,87656.4650212454,87243.4349787546,87730.30336918816,87214.59663081187
2025-11-23 20:55:00+00:00,87425.0,87490.4,87359.1,87425.0,43.776,87655.21697991769,87252.67302008232,87524.30338630253,87344.34661369749
2025-11-23 21:00:00+00:00,87424.9,87429.9,87262.9,87369.2,81.013,87655.08925763067,87245.96074236932,87500.72308941951,87316.2269105805
2025-11-23 21:05:00+00:00,87363.7,87475.7,87250.1,87270.0,76.777,87655.03856444638,87246.05143555361,87625.5151654255,87119.08483457447
2025-11-23 21:10:00+00:00,87266.2,87302.8,87093.4,87221.3,133.817,87658.61494896817,87211.34505103185,87641.87315912318,87000.87684087682
2025-11-23 21:15:00+00:00,87225.0,87344.8,87205.1,87290.1,47.464,87652.37104476067,87194.84895523933,87500.91274874264,87074.38725125734
2025-11-23 21:20:00+00:00,87294.3,87440.0,87270.1,87392.5,45.966,87634.164934734,87195.57506526599,87543.09589255766,87043.85410744236
2025-11-23 21:25:00+00:00,87392.5,87534.9,87385.6,87525.1,34.464,87639.78003967716,87194.30996032283,87815.10460574445,86899.39539425555
2025-11-23 21:30:00+00:00,87526.8,87636.0,87482.7,87628.0,78.939,87664.23572938707,87184.65427061291,87972.26561791523,86945.58438208478
2025-11-23 21:35:00+00:00,87628.0,87700.0,87554.8,87633.7,86.968,87687.89471983223,87197.38528016777,87936.78840390622,87152.86159609378
2025-11-23 21:40:00+00:00,87633.7,87766.5,87588.7,87601.7,88.282,87704.93560963692,87195.16439036309,87770.32462471626,87423.92537528374
2025-11-23 21:45:00+00:00,87595.0,87740.6,87560.1,87720.0,49.626,87739.01844897178,87206.13155102821,87823.76784621544,87467.93215378457
2025-11-23 21:50:00+00:00,87722.5,87865.5,87697.5,87846.1,112.173,87804.27169840492,87186.8083015951,88078.80981605429,87321.94018394571
2025-11-23 21:55:00+00:00,87846.0,87946.8,87798.3,87936.9,129.314,87880.44025127428,87152.64974872571,88283.39955579575,87268.95044420425
2025-11-23 22:00:00+00:00,87936.9,88087.8,87671.1,87727.2,306.572,87894.53689214808,87149.03310785192,88167.2090051733,87447.89099482668
2025-11-23 22:05:00+00:00,87731.8,87850.0,87624.0,87662.1,73.799,87903.15653791779,87148.9534620822,88217.29780702741,87368.85219297258
2025-11-23 22:10:00+00:00,87662.0,87745.0,87627.6,87690.1,59.564,87918.94970530567,87163.93029469434,88186.27609902929,87321.87390097074
2025-11-23 22:15:00+00:00,87690.1,87727.8,87503.9,87650.6,126.035,87925.33605236017,87164.85394763983,87800.64601136705,87564.35398863295
2025-11-23 22:20:00+00:00,87650.6,87958.5,87640.6,87832.5,122.915,87961.53347102187,87164.64652897812,88000.16334282843,87417.4866571716
2025-11-23 22:25:00+00:00,87832.5,87900.0,87720.1,87851.6,149.985,87996.14306059701,87173.72693940299,88105.16085740688,87407.23914259314
2025-11-23 22:30:00+00:00,87851.5,87851.5,87671.0,87672.6,51.494,88003.39405769685,87191.23594230316,88115.06931172714,87388.58068827288
2025-11-23 22:35:00+00:00,87672.6,87748.3,87627.0,87677.4,25.42,88009.44391491923,87210.42608508076,88093.78387013194,87423.26612986805
2025-11-23 22:40:00+00:00,87677.3,87807.4,87608.9,87704.2,48.048,88012.26460669613,87241.10539330386,88019.45723540908,87433.44276459092
2025-11-23 22:45:00+00:00,87704.1,87826.4,87695.9,87826.4,22.25,88012.42706120877,87296.58293879124,87970.20623367962,87470.09376632037
2025-11-23 22:50:00+00:00,87826.4,87826.4,87775.4,87826.4,20.806,87989.42868168539,87380.0913183146,88032.4355711045,87484.76442889548
2025-11-23 22:55:00+00:00,87827.5,88001.0,87813.6,87963.9,59.915,87988.10805383838,87448.79194616161,88197.81481215796,87462.63518784205
2025-11-23 23:00:00+00:00,87963.9,88037.5,87404.1,87479.3,261.048,87973.44910635742,87472.13089364259,88490.66343565313,87057.33656434687
2025-11-23 23:05:00+00:00,87479.2,87536.9,87385.0,87443.8,165.347,87984.27105532734,87453.17894467268,88568.50102089583,86788.19897910416
2025-11-23 23:10:00+00:00,87443.8,87561.9,87270.0,87280.4,122.448,88027.05346765154,87375.63653234846,88561.67078817877,86522.02921182124
2025-11-23 23:15:00+00:00,87278.5,87388.1,86895.1,87034.1,283.113,88107.96414463948,87234.76585536053,88012.42335665393,86606.37664334606
2025-11-23 23:20:00+00:00,87032.5,87038.5,86800.0,86962.5,311.758,88174.25107309014,87104.55892690986,87950.29999350775,86410.10000649224
2025-11-23 23:25:00+00:00,86960.0,87072.6,86888.3,87018.7,123.361,88201.74935178482,87006.93064821517,87562.52826441845,86585.32173558156
2025-11-23 23:30:00+00:00,87018.7,87018.7,86766.0,86844.9,160.879,88225.49841631469,86883.06158368531,87262.29568962406,86667.80431037591
2025-11-23 23:35:00+00:00,86841.0,86905.0,86666.0,86745.2,150.846,88228.16289288968,86761.22710711033,87316.09355541122,86469.55644458877
2025-11-23 23:40:00+00:00,86745.1,86864.8,86720.0,86816.9,55.56,88230.69019596679,86667.6698040332,87258.4161814951,86454.43381850491
2025-11-23 23:45:00+00:00,86816.9,86891.7,86748.9,86780.1,81.619,88231.78766925201,86578.372330748,86947.22854764742,86646.32145235257
2025-11-23 23:50:00+00:00,86780.0,86871.3,86692.6,86765.1,85.502,88219.38616923016,86498.27383076982,86881.78875564763,86671.86124435236
2025-11-23 23:55:00+00:00,86769.2,86820.9,86715.0,86793.9,62.802,88199.1828655757,86432.80713442432,86865.23227662663,86712.76772337337
2025-11-24 00:00:00+00:00,86791.1,86791.1,86544.7,86561.0,191.479,88160.44075438846,86344.39924561154,87106.00913352732,86344.0408664727
2025-11-24 00:05:00+00:00,86562.0,86591.7,86237.1,86330.2,401.316,88124.84866736873,86227.85133263128,87356.96453505376,85868.13546494622
2025-11-24 00:10:00+00:00,86328.4,86408.8,86243.0,86282.5,157.442,88102.26787189931,86111.42212810069,87306.69828178454,85677.10171821545
2025-11-24 00:15:00+00:00,86282.5,86282.5,85983.6,86021.4,304.374,88088.92757657844,85959.16242342156,87065.45941356185,85532.09058643813
2025-11-24 00:20:00+00:00,86018.1,86252.1,85888.0,86217.5,370.689,88021.83542904287,85877.58457095711,86683.20568782285,85742.59431217714
2025-11-24 00:25:00+00:00,86217.5,86414.0,86124.9,86387.5,311.893,87896.70933071703,85858.82066928294,86760.89871117432,85693.55128882569
2025-11-24 00:30:00+00:00,86387.0,86500.0,86201.2,86495.3,244.158,87743.84256408966,85878.57743591032,86997.89228845201,85562.95771154799
2025-11-24 00:35:00+00:00,86497.5,86852.9,86497.5,86820.9,287.454,87522.83756314848,85985.28243685154,87361.00208356691,85599.5979164331
2025-11-24 00:40:00+00:00,86820.9,86947.5,86647.6,86817.0,291.225,87415.3729702752,86026.51702972481,87400.53083336496,85859.81916663505
2025-11-24 00:45:00+00:00,86816.1,86925.0,86627.2,86925.0,171.406,87314.16773297134,86075.84226702867,87410.0454376289,86119.05456237111
2025-11-24 00:50:00+00:00,86926.5,87163.7,86795.1,86813.9,297.448,87233.35251170106,86110.00748829896,87031.06315848745,86657.33684151254
2025-11-24 00:55:00+00:00,86814.0,86827.7,86610.1,86682.7,148.824,87190.76242718223,86117.45757281777,87153.12640384724,86466.17359615274
2025-11-24 01:00:00+00:00,86677.6,86677.6,86464.3,86604.1,241.169,87154.06126160908,86118.31873839092,87247.78713732817,86265.06286267181
2025-11-24 01:05:00+00:00,86602.5,86808.6,86520.1,86788.8,259.03,87117.70340347868,86131.68659652134,87059.13715642443,86385.61284357557
2025-11-24 01:10:00+00:00,86789.9,86945.7,86692.1,86707.6,137.252,87102.12884616895,86133.53115383102,86959.38103118316,86432.21896881684
2025-11-24 01:15:00+00:00,86708.9,86803.9,86533.3,86666.9,155.364,87095.28908852223,86132.54091147779,86959.95393506916,86423.74606493085
2025-11-24 01:20:00+00:00,86661.2,86695.6,86544.3,86652.9,117.599,87078.48919250695,86132.94080749304,86915.63081198353,86492.46918801648
2025-11-24 01:25:00+00:00,86652.8,86873.1,86607.5,86770.0,228.786,87077.25904787595,86133.16095212403,86881.23007037495,86517.46992962506
2025-11-24 01:30:00+00:00,86770.8,86804.0,86517.8,86554.1,171.795,87061.34466612973,86127.97533387027,86966.97517973767,86354.97482026232
2025-11-24 01:35:00+00:00,86553.4,86646.0,86486.8,86510.1,211.343,87039.2509023931,86121.6890976069,87021.7281347538,86221.82186524622
2025-11-24 01:40:00+00:00,86512.0,86645.8,86334.1,86461.0,210.14,87037.16114828057,86113.77885171943,87045.66464160738,86101.93535839263
2025-11-24 01:45:00+00:00,86460.9,86532.3,86373.1,86532.3,123.109,87034.00729979633,86137.14270020367,86652.45537514109,86376.29462485891
2025-11-24 01:50:00+00:00,86532.3,86889.0,86532.3,86788.4,237.198,87044.90788360072,86176.83211639927,87081.09978106781,86064.80021893221
2025-11-24 01:55:00+00:00,86795.0,87035.9,86795.0,87015.9,212.323,87037.17628724163,86284.01371275837,87577.6943014728,85821.10569852719
2025-11-24 02:00:00+00:00,87015.9,87481.7,86952.7,87419.9,438.971,87171.7116619616,86269.7183380384,88243.36977380603,85634.88022619397
2025-11-24 02:05:00+00:00,87420.0,87877.0,87420.0,87581.9,549.846,87341.90944207237,86218.96055792765,88462.47969783859,85940.5703021614
2025-11-24 02:10:00+00:00,87578.9,87910.0,87575.1,87849.0,252.714,87561.58643256736,86134.65356743263,88674.70680007897,86258.643199921
2025-11-24 02:15:00+00:00,87849.1,88014.5,87705.0,87955.6,281.013,87765.8504203713,86043.8595796287,88549.95308687055,86853.24691312943
2025-11-24 02:20:00+00:00,87955.1,87995.4,87823.1,87921.1,164.952,87926.56391908172,85993.55608091828,88413.24713268096,87240.55286731903
2025-11-24 02:25:00+00:00,87924.9,87984.0,87640.5,87655.9,178.795,88009.21573364855,85983.99426635144,88309.28679653902,87381.51320346097
2025-11-24 02:30:00+00:00,87657.8,87745.0,87213.9,87283.7,274.711,88036.45215272745,86003.73784727255,88779.99441612876,86628.15558387124
2025-11-24 02:35:00+00:00,87275.7,87459.9,87215.3,87375.8,173.734,88069.99190122366,86039.50809877634,88558.84153482494,86559.40846517506
2025-11-24 02:40:00+00:00,87375.7,87488.0,87295.1,87337.0,202.116,88091.72525641543,86091.06474358455,87988.87321924692,86837.3267807531
2025-11-24 02:45:00+00:00,87337.5,87414.8,87216.2,87281.0,113.57,88109.54175216379,86122.4682478362,87477.35939796917,87161.39060203083
2025-11-24 02:50:00+00:00,87280.1,87429.9,87180.3,87403.0,125.117,88133.31953512304,86168.23046487695,87532.52572105889,87165.8742789411
2025-11-24 02:55:00+00:00,87405.0,87469.1,87319.6,87468.9,56.921,88156.47089037036,86225.27910962964,87654.29556348293,87090.65443651708
2025-11-24 03:00:00+00:00,87468.9,87529.9,87413.0,87492.9,108.074,88173.98063886318,86291.76936113682,87740.22475572486,87082.67524427513
2025-11-24 03:05:00+00:00,87492.9,87510.0,87256.4,87257.0,109.006,88174.0531646525,86340.3968353475,87772.69275350499,87038.207246495
2025-11-24 03:10:00+00:00,87261.4,87287.4,87136.0,87265.0,125.368,88151.05621822795,86434.48378177203,87812.20280735857,86929.69719264143
2025-11-24 03:15:00+00:00,87262.1,87659.9,87174.0,87659.9,210.352,88142.64706046983,86557.87293953016,88092.35765786633,86745.04234213366
2025-11-24 03:20:00+00:00,87656.8,87741.3,87483.6,87490.9,178.86,88082.24714977102,86721.26285022899,88090.98483930748,86745.41516069254
2025-11-24 03:25:00+00:00,87491.0,87566.9,87486.2,87565.1,57.854,88007.06342595539,86899.72657404459,88078.39779600667,86912.05220399334
2025-11-24 03:30:00+00:00,87565.0,87634.8,87473.4,87528.0,80.943,87952.70405543552,87028.04594456448,87812.37927602265,87309.57072397736
2025-11-24 03:35:00+00:00,87527.6,87583.7,87389.9,87425.1,117.727,87920.59171940785,87101.07828059213,87709.09982926928,87295.4501707307
2025-11-24 03:40:00+00:00,87428.0,87454.5,87310.3,87392.4,82.335,87920.61026644753,87098.30973355245,87761.98564673144,87193.31435326855
2025-11-24 03:45:00+00:00,87397.6,87466.9,87240.7,87290.0,57.276,87915.31180174772,87074.41819825226,87748.62024279515,87069.12975720485
2025-11-24 03:50:00+00:00,87290.0,87390.0,87204.0,87264.1,168.218,87864.27098820888,87066.96901179111,87612.8254711984,87072.97452880158
2025-11-24 03:55:00+00:00,87264.2,87451.3,87255.0,87385.2,68.006,87767.17036219563,87107.02963780439,87559.63527767095,87106.21472232905
2025-11-24 04:00:00+00:00,87385.1,87486.5,87365.2,87454.7,91.973,87658.69203808707,87168.86796191293,87652.94007620828,87044.05992379172
2025-11-24 04:05:00+00:00,87450.1,87512.4,87364.0,87477.5,72.712,87625.65689671725,87184.06310328275,87727.64373160426,87063.10626839574
2025-11-24 04:10:00+00:00,87480.0,87540.0,87281.9,87294.4,109.789,87625.06397345773,87185.72602654228,87688.14417946717,87117.75582053285
2025-11-24 04:15:00+00:00,87289.4,87289.4,86683.7,86712.1,378.548,87746.1162711429,86998.30372885708,88474.07273680657,85995.27726319343
2025-11-24 04:20:00+00:00,86712.1,86731.5,86437.5,86467.6,289.612,87872.48924147077,86784.99075852924,88637.66136456162,85338.13863543837
2025-11-24 04:25:00+00:00,86467.5,86559.1,86388.1,86537.1,194.139,87935.75949991448,86647.33050008552,88053.34231765033,85452.25768234968
2025-11-24 04:30:00+00:00,86535.6,86788.7,86525.0,86774.7,180.687,87939.84024738494,86580.41975261507,87122.79342334403,86122.95657665597
2025-11-24 04:35:00+00:00,86773.5,86773.5,86597.9,86667.0,108.526,87939.21456109731,86500.8554389027,87084.70472413488,86138.49527586513
2025-11-24 04:40:00+00:00,86668.0,86698.2,86558.2,86651.7,107.563,87926.20821197348,86429.74178802653,86994.40877336048,86320.84122663952
2025-11-24 04:45:00+00:00,86651.7,86708.2,86528.0,86578.9,116.548,87935.13505699605,86353.00494300394,86948.00618797123,86388.14381202876
2025-11-24 04:50:00+00:00,86578.9,86730.0,86540.0,86722.5,72.481,87926.55002833183,86307.33997166816,86859.98692329047,86450.06307670951
2025-11-24 04:55:00+00:00,86723.0,86771.4,86610.1,86664.1,89.413,87859.36571559291,86274.94428440709,86858.64480663555,86449.95519336443
2025-11-24 05:00:00+00:00,86664.1,86767.2,86612.6,86750.0,57.722,87808.77166182769,86251.44833817231,86940.98343175875,86416.76656824125
2025-11-24 05:05:00+00:00,86750.1,87438.5,86750.1,87394.1,289.913,87780.02981324261,86263.09018675741,88070.25951909744,85695.09048090257
2025-11-24 05:10:00+00:00,87394.0,87639.1,87358.0,87514.4,265.37,87777.55467672723,86264.20532327278,88589.6010131216,85571.69898687839
2025-11-24 05:15:00+00:00,87514.7,87688.0,87435.1,87502.8,160.693,87790.44561820857,86259.08438179143,88552.18963220176,86028.46036779824
2025-11-24 05:20:00+00:00,87502.8,87668.4,87502.8,87630.5,197.349,87831.68683780928,86241.65316219075,87845.25412184233,87175.64587815767
2025-11-24 05:25:00+00:00,87630.5,87792.0,87544.9,87558.0,124.836,87870.34758009118,86229.79241990883,87751.73803003748,87351.1119699625
2025-11-24 05:30:00+00:00,87558.0,87592.9,87383.6,87406.5,131.62,87887.18953710845,86227.19046289155,87851.57768149863,87197.32231850136
2025-11-24 05:35:00+00:00,87406.5,87489.2,87352.6,87458.0,50.959,87897.16596861562,86224.49403138438,87860.80287367913,87165.69712632087
2025-11-24 05:40:00+00:00,87458.0,87537.4,87400.0,87493.2,52.757,87902.87706131028,86222.63293868973,87699.28713377634,87258.56286622367
2025-11-24 05:45:00+00:00,87493.0,87515.6,87323.5,87362.5,85.31,87887.20952775219,86226.80047224782,87628.9140741869,87231.1859258131
2025-11-24 05:50:00+00:00,87365.0,87425.9,87289.7,87357.5,67.794,87894.4189008217,86225.9010991783,87654.40414198014,87181.19585801987
2025-11-24 05:55:00+00:00,87357.8,87418.3,87204.9,87407.5,147.0,87926.2253532892,86263.63464671081,87622.87081990036,87187.47918009965
2025-11-24 06:00:00+00:00,87409.5,87460.1,87187.6,87189.0,141.278,87911.3262343406,86350.6737656594,87661.97143606581,86996.27856393419
2025-11-24 06:05:00+00:00,87191.0,87204.9,86848.5,86979.0,216.388,87888.64488539199,86417.54511460802,87903.77889572427,86562.72110427573
2025-11-24 06:10:00+00:00,86977.6,87053.5,86849.0,86877.5,167.905,87884.51450618214,86431.95549381786,87927.92109927909,86298.57890072091
2025-11-24 06:15:00+00:00,86877.8,87109.9,86877.8,87035.0,167.859,87870.10647677474,86483.16352322524,87470.78312985026,86569.46687014974
2025-11-24 06:20:00+00:00,87028.6,87105.0,86980.0,87035.3,71.383,87850.27276418355,86541.35723581645,87239.21722272487,86724.18277727513
2025-11-24 06:25:00+00:00,87039.0,87111.1,86930.1,87091.8,71.917,87814.52939020668,86628.39060979334,87329.35290732763,86690.44709267236
2025-11-24 06:30:00+00:00,87093.9,87093.9,86805.0,86827.0,126.812,87803.70286896086,86649.66713103917,87401.24345173851,86593.30654826148
2025-11-24 06:35:00+00:00,86827.4,87058.8,86788.0,86913.0,93.032,87776.44684172385,86701.81315827616,87380.32416273626,86553.22583726373
2025-11-24 06:40:00+00:00,86914.6,87048.3,86799.4,86971.8,185.321,87754.8593468608,86745.5806531392,87336.00902352424,86565.79097647578
2025-11-24 06:45:00+00:00,86970.0,87061.9,86881.1,86944.9,80.856,87744.62249003009,86710.8975099699,87132.03300421285,86696.31699578716
2025-11-24 06:50:00+00:00,86945.9,86959.5,86745.8,86911.1,134.011,87714.44056484518,86680.74943515482,87035.34589357387,86835.05410642612
2025-11-24 06:55:00+00:00,86911.1,86931.9,86772.5,86838.4,113.921,87683.88366739659,86644.86633260341,87116.48408913845,86716.61591086155
2025-11-24 07:00:00+00:00,86837.5,86847.4,86627.2,86699.0,141.716,87628.75264751268,86606.84735248733,87226.04770981472,86470.65229018529
2025-11-24 07:05:00+00:00,86698.7,86852.1,86682.5,86770.8,114.84,87568.54443948228,86588.33556051769,87119.6474102555,86490.0025897445
2025-11-24 07:10:00+00:00,86770.7,86894.6,86722.5,86797.5,93.803,87528.35895778169,86567.62104221829,86979.51441380322,86573.33558619679
2025-11-24 07:15:00+00:00,86797.4,86979.0,86675.1,86952.4,128.726,87465.88476417356,86579.53523582642,87174.72833962669,86435.12166037329
2025-11-24 07:20:00+00:00,86952.4,86958.0,86770.7,86827.4,127.336,87383.53674209597,86595.30325790403,87115.24798610863,86558.80201389136
2025-11-24 07:25:00+00:00,86827.4,86859.9,86725.7,86814.1,104.17,87323.42808966704,86600.57191033296,87092.98743084086,86602.71256915915
2025-11-24 07:30:00+00:00,86811.0,86976.7,86742.6,86943.5,140.181,87253.87111830812,86628.72888169189,87139.75469846779,86628.94530153222
2025-11-24 07:35:00+00:00,86938.0,87100.0,86893.7,87062.2,120.989,87160.60054504071,86687.4694549593,87313.26581423522,86510.33418576479
2025-11-24 07:40:00+00:00,87062.1,87271.9,87030.6,87238.0,103.854,87174.70417955791,86678.26582044209,87638.72138329415,86390.17861670585
2025-11-24 07:45:00+00:00,87236.0,87289.5,87041.8,87243.9,132.631,87223.4727221981,86655.98727780189,87626.89053456522,86616.90946543477
2025-11-24 07:50:00+00:00,87243.8,87265.5,87053.1,87071.0,52.997,87237.16767635045,86661.64232364955,87502.79676150007,86804.75323849992
2025-11-24 07:55:00+00:00,87072.1,87078.3,86900.9,86987.1,80.384,87232.67290553794,86661.34709446205,87575.17551045067,86694.82448954933
2025-11-24 08:00:00+00:00,86987.1,86987.1,86723.0,86777.4,106.572,87225.89001109655,86642.33998890343,87691.17492877887,86348.52507122111
2025-11-24 08:05:00+00:00,86777.4,86848.7,86674.9,86761.0,106.142,87209.22413766444,86625.92586233556,87432.70201412206,86365.54798587794
2025-11-24 08:10:00+00:00,86767.0,86922.7,86750.0,86867.4,108.563,87209.25969909261,86629.93030090739,87207.54840586046,86488.90159413955
2025-11-24 08:15:00+00:00,86865.1,86967.9,86725.1,86731.2,134.37,87211.61123025838,86609.3987697416,86987.38256754856,86581.11743245144
2025-11-24 08:20:00+00:00,86731.2,86881.6,86725.3,86850.0,96.939,87205.24279974669,86603.58720025333,87032.82708173944,86571.97291826055
2025-11-24 08:25:00+00:00,86850.0,86851.8,86740.0,86756.0,57.638,87201.9197164039,86588.0202835961,87035.30302688401,86566.99697311598
2025-11-24 08:30:00+00:00,86755.0,86842.3,86650.1,86668.0,113.673,87205.11640102154,86560.51359897846,87012.88501485884,86489.71498514114
2025-11-24 08:35:00+00:00,86668.1,86750.0,86668.1,86708.8,77.028,87207.0492831818,86545.62071681819,87016.87138491862,86474.52861508138
2025-11-24 08:40:00+00:00,86710.0,86800.3,86710.0,86772.4,43.098,87204.33356473096,86555.67643526902,86890.15896374195,86562.44103625805
2025-11-24 08:45:00+00:00,86772.4,86778.8,86649.1,86723.9,73.7,87205.7691732952,86549.55082670481,86867.65381375396,86568.89618624603
2025-11-24 08:50:00+00:00,86720.4,86791.5,86678.1,86785.7,32.697,87205.795478782,86548.34452121801,86876.2883353912,86619.11166460879
2025-11-24 08:55:00+00:00,86782.8,86966.4,86746.2,86899.5,119.905,87201.53072526396,86547.31927473604,87052.84070645216,86537.90929354784
2025-11-24 09:00:00+00:00,86899.5,86899.5,86701.7,86860.1,105.213,87202.5354716674,86549.58452833259,87087.9348092892,86546.66519071077
2025-11-24 09:05:00+00:00,86859.1,86859.1,86473.3,86494.7,178.667,87225.99347306423,86494.18652693577,87394.11304985685,86125.88695014315
2025-11-24 09:10:00+00:00,86494.6,86587.1,86465.9,86545.9,76.411,87228.35445712967,86452.06554287032,87424.83176025511,85975.2682397449
2025-11-24 09:15:00+00:00,86546.0,86561.9,86200.9,86208.0,295.392,87259.49732466815,86335.50267533185,87452.63053647795,85601.71946352205
2025-11-24 09:20:00+00:00,86210.0,86210.0,85873.9,85969.9,481.753,87277.72819793827,86190.46180206173,87233.53693877389,85375.71306122611
2025-11-24 09:25:00+00:00,85969.9,85984.9,85787.3,85879.8,406.329,87274.91637676921,86056.86362323079,87181.51461274132,85120.28538725867
2025-11-24 09:30:00+00:00,85877.2,85949.8,85760.0,85802.1,207.034,87288.89664862552,85915.99335137449,86574.4365051788,85355.46349482122
2025-11-24 09:35:00+00:00,85806.0,86130.0,85800.1,86050.0,224.308,87258.35703366103,85852.82296633896,86298.47895329302,85552.42104670701
2025-11-24 09:40:00+00:00,86047.8,86052.3,85754.2,85932.5,240.097,87258.02697097874,85768.66302902126,86276.72090898178,85555.47909101823
2025-11-24 09:45:00+00:00,85933.0,86060.0,85907.5,85982.4,115.632,87244.2221038259,85704.60789617412,86304.83770289691,85578.66229710309
2025-11-24 09:50:00+00:00,85981.4,86056.2,85924.2,85957.6,42.227,87207.93573388038,85649.91426611962,86155.69307246081,85805.55692753919
2025-11-24 09:55:00+00:00,85960.1,86026.9,85878.5,85885.9,94.974,87186.91845675062,85586.40154324939,86082.2876308408,85796.91236915921
2025-11-24 10:00:00+00:00,85886.0,86141.8,85820.0,86044.7,150.35,87130.21835631244,85562.57164368754,86195.1435603376,85740.15643966239
2025-11-24 10:05:00+00:00,86044.6,86129.9,85875.8,85985.2,160.32,87083.08067159567,85532.62932840435,86196.62010315651,85740.0798968435
2025-11-24 10:10:00+00:00,85985.1,86006.3,85818.2,85839.8,60.312,87048.74283452402,85484.14716547597,86261.18645642494,85616.61354357505
2025-11-24 10:15:00+00:00,85839.8,85937.1,85800.0,85917.2,98.671,86995.61881046277,85458.11118953722,86252.5622606387,85640.88773936131
2025-11-24 10:20:00+00:00,85917.1,85967.9,85813.7,85817.4,88.464,86924.68377690867,85433.54622309134,86155.18203858295,85624.61796141704
2025-11-24 10:25:00+00:00,85817.4,85839.9,85668.7,85758.2,200.175,86853.7565414972,85407.90345850277,86060.95860386397,85605.34139613602
2025-11-24 10:30:00+00:00,85758.2,85800.0,85629.2,85686.2,129.038,86757.25209854181,85394.45790145818,86133.13457410803,85456.36542589197
2025-11-24 10:35:00+00:00,85682.1,85886.5,85629.3,85833.0,111.758,86596.15468252443,85448.90531747557,86004.5478286538,85542.8521713462
2025-11-24 10:40:00+00:00,85832.0,85999.4,85805.3,85870.2,88.793,86401.50021574253,85544.56978425747,86069.94261162276,85503.85738837723
2025-11-24 10:45:00+00:00,85867.5,86002.0,85843.2,85980.0,64.536,86302.9910288457,85591.60897115427,86262.79447908667,85421.90552091331
2025-11-24 10:50:00+00:00,85982.0,86018.8,85866.1,85915.2,31.881,86141.77378987632,85689.75621012368,86118.7569300632,85680.44306993681
2025-11-24 10:55:00+00:00,85917.0,86057.9,85917.0,85988.1,55.591,86090.68025899977,85718.85974100021,86132.18034047054,85744.56965952946
2025-11-24 11:00:00+00:00,85988.0,86158.9,85971.0,86081.8,84.679,86110.00705243726,85710.72294756275,86228.92505784798,85753.624942152
2025-11-24 11:05:00+00:00,86081.8,86081.8,85766.8,85857.0,110.933,86109.81032224807,85708.63967775194,86296.6189600692,85624.43103993079
2025-11-24 11:10:00+00:00,85860.9,86054.7,85856.1,86026.7,45.32,86120.94176240926,85719.96823759071,86319.80006034269,85656.9999396573
2025-11-24 11:15:00+00:00,86030.0,86130.3,85974.1,86127.6,45.345,86137.31423161976,85711.35576838022,86432.99679585094,85613.55320414905
2025-11-24 11:20:00+00:00,86123.0,86123.0,85963.8,85990.9,60.075,86142.1942795683,85712.31572043168,86387.97870311221,85613.1212968878
2025-11-24 11:25:00+00:00,85989.8,86017.7,85918.1,86017.7,30.642,86146.30851419561,85711.73148580437,86248.15351779688,85833.29648220314
2025-11-24 11:30:00+00:00,86017.6,86142.0,86013.3,86122.4,44.113,86170.19456077047,85704.32543922952,86309.11783018532,85820.18216981467
2025-11-24 11:35:00+00:00,86122.9,86334.3,86053.3,86208.2,142.914,86212.93975781839,85693.81024218161,86430.98457503997,85738.61542496001
2025-11-24 11:40:00+00:00,86208.9,86351.3,86138.0,86331.0,79.443,86273.3143831917,85662.06561680831,86629.56913535796,85710.08086464203
2025-11-24 11:45:00+00:00,86334.4,86376.1,86249.1,86306.0,112.098,86323.15090153863,85644.3090984614,86573.34266471956,85910.45733528043
2025-11-24 11:50:00+00:00,86310.9,86351.9,86190.1,86197.9,51.817,86346.53321846636,85656.73678153363,86494.81984612247,86026.73015387752
2025-11-24 11:55:00+00:00,86192.6,86275.7,86179.5,86205.6,46.73,86369.63317509183,85662.47682490818,86496.5374150642,86023.7125849358
2025-11-24 12:00:00+00:00,86201.5,86201.5,86041.1,86082.0,65.716,86371.76767270222,85686.80232729779,86515.22469670099,85880.52530329901
2025-11-24 12:05:00+00:00,86084.0,86189.9,85932.0,85997.8,85.045,86360.98541708537,85721.54458291463,86465.90404890885,85775.74595109114
2025-11-24 12:10:00+00:00,85997.7,85997.7,85882.5,85963.1,96.91,86333.4301961792,85776.78980382081,86435.88292967583,85688.36707032417
2025-11-24 12:15:00+00:00,85966.3,86032.9,85888.0,85893.9,71.22,86327.8885831913,85788.42141680869,86255.1176996713,85713.28230032869
2025-11-24 12:20:00+00:00,85890.1,85970.3,85853.9,85884.0,114.868,86326.71600981857,85790.97399018143,86124.68210440711,85744.71789559288
2025-11-24 12:25:00+00:00,85884.1,86142.0,85884.1,86138.0,64.435,86334.16794946624,85799.32205053378,86376.97755308932,85562.52244691068
2025-11-24 12:30:00+00:00,86136.0,86251.5,86109.5,86150.9,141.305,86338.88115594367,85818.17884405633,86528.21719423235,85505.18280576765
2025-11-24 12:35:00+00:00,86147.0,86171.7,85970.4,85994.8,110.758,86338.76671430987,85818.96328569014,86481.32016382802,85602.52983617199
2025-11-24 12:40:00+00:00,85994.9,86031.4,85822.7,85883.2,159.383,86342.44865066704,85795.42134933296,86482.27096808444,85601.17903191557
2025-11-24 12:45:00+00:00,85883.2,86073.7,85864.1,85988.2,132.068,86334.25728840618,85816.73271159381,86386.40705831921,85622.14294168078
2025-11-24 12:50:00+00:00,85989.7,86001.5,85810.0,85891.1,73.76,86339.0817159641,85798.34828403589,86148.53214613746,85730.11785386254
2025-11-24 12:55:00+00:00,85896.1,85970.9,85881.8,85937.8,60.825,86333.94700403539,85784.50299596462,86093.05723118802,85757.09276881197
2025-11-24 13:00:00+00:00,85935.2,85975.3,85884.1,85955.1,55.211,86334.37200565511,85780.49799434489,86083.19406871144,85802.90593128857
2025-11-24 13:05:00+00:00,85958.0,86292.8,85948.6,86263.9,256.145,86360.08574102892,85779.4042589711,86601.25818319403,85422.69181680598
2025-11-24 13:10:00+00:00,86264.0,86437.8,86232.0,86269.2,239.554,86379.5485401188,85774.62145988118,86747.21116737241,85465.78883262759
2025-11-24 13:15:00+00:00,86269.2,86313.0,86117.9,86230.3,106.075,86382.71593912704,85773.66406087296,86701.5651785608,85657.6848214392
2025-11-24 13:20:00+00:00,86228.0,86286.1,86201.6,86245.1,51.227,86366.21583384734,85781.57416615264,86313.95986068904,86190.29013931096
2025-11-24 13:25:00+00:00,86249.9,86485.0,86183.5,86441.9,120.186,86399.40267875815,85761.97732124185,86636.68844995696,85956.56155004304
2025-11-24 13:30:00+00:00,86437.6,86446.4,86330.4,86362.9,79.484,86427.29836268842,85750.58163731158,86668.51009814143,85971.58990185858
2025-11-24 13:35:00+00:00,86362.8,86457.3,86289.4,86444.0,82.339,86470.19676448626,85731.52323551374,86697.49800843766,86049.45199156235
2025-11-24 13:40:00+00:00,86444.1,86511.8,86386.1,86464.1,201.772,86521.54582760655,85718.38417239345,86583.01811999324,86273.43188000674
2025-11-24 13:45:00+00:00,86464.0,86466.0,86253.7,86289.9,111.321,86538.55596559923,85730.58403440076,86667.07172654211,86113.3782734579
2025-11-24 13:50:00+00:00,86288.9,86338.2,86181.6,86239.4,77.91,86546.830375304,85749.93962469602,86745.870322877,85972.82967712298
2025-11-24 13:55:00+00:00,86239.5,86260.7,85974.0,86077.8,162.1,86540.2867420377,85774.87325796227,86818.90311194595,85716.69688805402
2025-11-24 14:00:00+00:00,86079.0,86079.0,85823.8,86022.6,216.718,86531.86142248413,85797.15857751586,86599.18261453087,85715.66738546913
2025-11-24 14:05:00+00:00,86019.2,86019.2,85904.1,85943.0,80.504,86534.54888556818,85774.97111443181,86504.89350524347,85636.50649475653
2025-11-24 14:10:00+00:00,85944.9,86051.9,85917.2,85985.4,59.965,86533.39490824885,85759.57509175115,86205.37567962626,85809.02432037376
2025-11-24 14:15:00+00:00,85987.2,86039.9,85918.2,85960.2,75.032,86534.6601909133,85754.8498090867,86097.55975949868,85858.04024050133
2025-11-24 14:20:00+00:00,85963.0,86011.8,85879.0,85947.3,74.645,86530.19090089778,85765.7290991022,86025.0442817812,85892.90571821881
2025-11-24 14:25:00+00:00,85947.3,86024.0,85830.0,85864.6,104.74,86537.88808929021,85745.67191070979,86120.54991546836,85758.20008453164
2025-11-24 14:30:00+00:00,85864.9,86422.0,85841.2,86411.1,627.881,86562.92070709192,85772.63929290808,86902.08766194286,85189.51233805715
2025-11-24 14:35:00+00:00,86411.1,86597.6,85950.0,85977.1,427.506,86560.65975528701,85778.83024471298,86900.03221761381,85200.01778238617
2025-11-24 14:40:00+00:00,85980.1,86077.7,85311.2,85504.8,786.976,86626.81578002391,85667.64421997611,87233.06824185918,84645.73175814084
2025-11-24 14:45:00+00:00,85504.7,85729.0,85386.9,85397.0,642.027,86680.36916899441,85527.40083100558,87437.84474338897,84207.15525661103
2025-11-24 14:50:00+00:00,85397.0,85787.5,85177.5,85669.9,583.044,86674.70713235323,85473.13286764677,86513.1614146715,84761.2385853285
2025-11-24 14:55:00+00:00,85669.9,86100.0,85584.4,86100.0,385.261,86664.07952593623,85470.73047406376,86738.81776306896,84597.03223693105
2025-11-24 15:00:00+00:00,86100.0,86463.4,86016.2,86463.4,493.218,86695.24077805925,85461.39922194077,87536.24936585552,84278.90063414448
2025-11-24 15:05:00+00:00,86460.4,86650.5,86309.3,86424.0,688.592,86692.2818056883,85462.56819431171,87437.85669964334,84890.79330035666
2025-11-24 15:10:00+00:00,86422.5,86692.0,86197.1,86464.7,477.442,86708.32842994634,85456.70157005366,86973.96868807412,85752.08131192587
2025-11-24 15:15:00+00:00,86462.9,86512.3,86015.5,86047.2,341.938,86666.1508450023,85459.19915499771,87051.76336623848,85647.88663376152
2025-11-24 15:20:00+00:00,86050.2,86293.9,85979.2,86073.0,275.914,86617.96469067849,85468.2753093215,87023.74072245613,85480.70927754388
2025-11-24 15:25:00+00:00,86070.1,86125.7,85831.6,86012.8,254.353,86592.8981795603,85465.6318204397,86882.51557421057,85416.33442578944
2025-11-24 15:30:00+00:00,86015.8,86470.8,85906.1,86394.1,221.902,86615.99275643246,85458.00724356754,86743.58179139438,85519.96820860561
2025-11-24 15:35:00+00:00,86395.2,86436.4,86175.9,86386.5,154.061,86651.08078600476,85453.78921399526,86916.67902410855,85516.52097589146
2025-11-24 15:40:00+00:00,86387.0,86572.0,86332.1,86447.9,243.975,86696.33027873788,85451.06972126212,87003.92110004477,85616.72889995523
2025-11-24 15:45:00+00:00,86452.0,86670.9,86452.0,86569.9,133.685,86760.45694519262,85449.63305480737,86743.10870514876,86156.09129485126
2025-11-24 15:50:00+00:00,86565.0,86650.0,86375.4,86377.0,144.644,86787.91998075982,85461.33001924018,86752.92374836885,86137.72625163115
2025-11-24 15:55:00+00:00,86377.3,86563.9,86300.9,86547.5,100.239,86837.26780265506,85470.71219734492,86796.40194541865,86174.74805458135
2025-11-24 16:00:00+00:00,86547.5,87162.3,86543.7,87021.1,608.317,86980.44768203716,85434.91231796285,87582.56553156622,85675.18446843378
2025-11-24 16:05:00+00:00,87023.5,87052.4,86731.3,86964.0,239.135,87084.80953318138,85440.4904668186,87818.0574530986,85636.74254690138
2025-11-24 16:10:00+00:00,86967.3,86967.3,86757.7,86826.1,183.548,87139.73623536612,85427.06376463387,87571.58277424489,86107.76722575512
2025-11-24 16:15:00+00:00,86826.1,87175.0,86812.6,87102.0,359.672,87253.92887380559,85425.36112619442,87380.8064471543,86575.7935528457
2025-11-24 16:20:00+00:00,87102.0,87167.4,87024.3,87167.4,272.418,87320.50271345262,85525.04728654737,87540.53233134901,86489.21766865099
2025-11-24 16:25:00+00:00,87167.4,87269.7,87077.0,87173.6,186.173,87334.19647691962,85689.0135230804,87635.43422944297,86499.11577055702
2025-11-24 16:30:00+00:00,87167.6,87242.6,86986.8,87114.6,214.784,87349.87674167805,85817.80325832195,87265.37523566789,87013.4247643321
2025-11-24 16:35:00+00:00,87112.9,87205.9,87017.1,87161.1,109.936,87408.50276946624,85865.28723053377,87247.26350628115,87061.08649371886
2025-11-24 16:40:00+00:00,87161.1,87474.3,87132.1,87440.8,235.854,87527.82081115541,85843.70918884459,87734.22204904562,86710.8279509544
2025-11-24 16:45:00+00:00,87440.8,87655.1,87301.7,87363.6,505.369,87615.02465062136,85850.46534937863,87813.87044679739,86726.17955320263
2025-11-24 16:50:00+00:00,87362.6,87391.1,87182.0,87230.1,145.14,87669.71505291005,85872.31494708995,87737.27874036317,86860.52125963685
2025-11-24 16:55:00+00:00,87236.3,87242.4,87100.0,87106.9,127.891,87669.11198074602,85978.88801925398,87795.97600795723,86774.72399204278
2025-11-24 17:00:00+00:00,87102.7,87265.3,87093.5,87141.7,153.83,87658.57488574418,86096.29511425584,87607.00984963101,86814.14015036901
2025-11-24 17:05:00+00:00,87141.6,87195.2,86976.7,86976.7,147.27,87598.93562183926,86252.32437816075,87477.98244843248,86749.7175515675
2025-11-24 17:10:00+00:00,86976.7,87035.5,86886.0,86937.9,177.139,87580.44134954152,86325.19865045846,87382.836489283,86698.763510717
2025-11-24 17:15:00+00:00,86936.2,87126.0,86888.0,87105.7,223.931,87562.59779547196,86414.96220452804,87381.61393991017,86699.38606008983
2025-11-24 17:20:00+00:00,87105.8,87375.9,86965.1,87338.1,215.037,87569.23492217042,86497.3450778296,87714.96632464607,86464.23367535394
2025-11-24 17:25:00+00:00,87338.0,87680.0,87313.6,87653.9,287.57,87643.88167463236,86531.09832536765,88333.71883124657,86184.08116875342
2025-11-24 17:30:00+00:00,87650.1,87881.6,87558.1,87809.0,281.272,87699.66523398702,86618.51476601297,88569.69666035422,86383.65333964578
2025-11-24 17:35:00+00:00,87806.1,87879.0,87712.3,87831.7,146.557,87763.11688006217,86683.48311993784,88446.40183918056,86869.94816081945
2025-11-24 17:40:00+00:00,87831.7,87958.9,87831.7,87866.9,255.96,87864.68574493565,86666.49425506435,88116.17338858619,87464.57661141378
2025-11-24 17:45:00+00:00,87864.9,87994.9,87850.0,87971.0,134.344,87971.76358115576,86660.11641884425,88117.82743653649,87621.4725634635
2025-11-24 17:50:00+00:00,87975.9,87994.4,87810.2,87943.1,204.137,88041.34579872023,86702.23420127976,88127.84175322804,87678.50824677196
2025-11-24 17:55:00+00:00,87938.8,88409.0,87903.5,88300.0,702.215,88200.9171183466,86662.46288165338,88684.03903275568,87356.46096724432
2025-11-24 18:00:00+00:00,88317.8,88500.0,88142.5,88193.9,373.641,88309.6928774709,86656.3371225291,88702.19936688337,87501.80063311663
2025-11-24 18:05:00+00:00,88193.9,88546.7,88153.0,88353.9,332.278,88437.57778789282,86646.48221210718,88829.22900632759,87566.22099367242
2025-11-24 18:10:00+00:00,88348.9,88482.2,88337.3,88433.1,156.96,88560.25919819491,86655.6508018051,88668.02855088553,87972.42144911445
2025-11-24 18:15:00+00:00,88433.1,88478.9,88322.0,88405.9,122.248,88659.53588255745,86680.85411744253,88717.47907169737,87975.92092830263
2025-11-24 18:20:00+00:00,88399.1,88462.4,88248.5,88270.0,339.751,88728.19248081393,86695.11751918607,88614.37356727694,88117.07643272307
2025-11-24 18:25:00+00:00,88271.9,88363.9,88158.0,88311.3,162.192,88794.44014757556,86723.63985242446,88622.09625385219,88088.05374614781
2025-11-24 18:30:00+00:00,88311.3,88426.0,88139.0,88381.6,242.01,88856.01609154235,86777.21390845766,88559.25022462258,88125.14977537745
2025-11-24 18:35:00+00:00,88381.6,88386.0,88209.9,88327.2,209.459,88886.02656901408,86869.23343098593,88482.48233808915,88162.56766191084
2025-11-24 18:40:00+00:00,88325.4,88363.6,88257.8,88350.6,102.032,88906.92523584621,86969.22476415375,88448.539583354,88236.81041664601
2025-11-24 18:45:00+00:00,88350.7,88613.1,88350.7,88612.5,210.333,88924.31721051152,87115.41278948846,88873.7934178039,87962.15658219611
2025-11-24 18:50:00+00:00,88611.1,88672.0,88556.0,88614.0,180.051,88895.13087483785,87312.20912516215,89025.77610970389,87926.37389029613
2025-11-24 18:55:00+00:00,88613.9,88678.8,88559.8,88661.5,55.386,88863.55326165781,87499.36673834217,89048.82223961531,88070.4777603847
2025-11-24 19:00:00+00:00,88661.5,88760.5,88559.6,88752.1,198.25,88858.89885782842,87645.42114217159,88886.80160816536,88433.24839183463
2025-11-24 19:05:00+00:00,88752.1,88798.5,88685.1,88699.8,150.302,88875.14430417423,87733.76569582577,88884.58144800733,88479.11855199268
2025-11-24 19:10:00+00:00,88699.9,88728.0,88501.3,88629.4,224.772,88884.89917400302,87806.050825997,88868.59997269322,88502.80002730677
2025-11-24 19:15:00+00:00,88629.5,88726.7,88550.9,88691.1,102.256,88893.11433124452,87883.7756687555,88867.31343235019,88518.88656764982
2025-11-24 19:20:00+00:00,88691.2,88697.9,88525.2,88538.5,76.71,88869.5539169414,87974.49608305859,88897.39361655044,88382.00638344958
2025-11-24 19:25:00+00:00,88538.4,88599.9,88452.0,88578.0,120.322,88853.34703331244,88051.40296668756,88838.05183568018,88380.44816431982
2025-11-24 19:30:00+00:00,88578.1,88686.0,88571.7,88686.0,125.977,88827.60799209477,88151.43200790524,88890.01747881698,88356.782521183
2025-11-24 19:35:00+00:00,88686.0,88768.4,88594.4,88675.7,132.351,88843.92534786147,88172.68465213855,88871.45418815633,88367.64581184367
2025-11-24 19:40:00+00:00,88679.0,88691.2,88303.9,88389.8,341.633,88826.80023647325,88209.39976352676,89057.98815163736,88106.76184836264
2025-11-24 19:45:00+00:00,88389.7,88425.9,88222.2,88261.9,426.083,88834.35285723934,88192.64714276066,89236.17262520328,87770.5273747967
2025-11-24 19:50:00+00:00,88259.7,88375.0,88053.3,88120.9,241.768,88860.5275430077,88135.2524569923,89180.19412947251,87543.95587052751
2025-11-24 19:55:00+00:00,88124.4,88297.7,88092.1,88284.5,223.693,88864.34279715297,88119.29720284704,88647.56396410953,87880.98603589046
2025-11-24 20:00:00+00:00,88280.1,88523.9,88280.1,88446.5,215.358,88859.8547853604,88141.43521463961,88740.50328697916,87816.3967130208
2025-11-24 20:05:00+00:00,88446.4,88544.8,88353.2,88534.0,152.702,88860.47459760463,88163.08540239537,88978.60032777034,87714.34967222967
2025-11-24 20:10:00+00:00,88534.0,88726.8,88527.5,88604.0,289.527,88868.45006004721,88177.34993995278,88944.67748141431,87989.82251858569
2025-11-24 20:15:00+00:00,88607.3,88767.6,88536.4,88728.5,115.553,88887.33253781188,88198.59746218812,88990.82362980497,88165.67637019503
2025-11-24 20:20:00+00:00,88722.9,88827.4,88643.1,88675.6,261.742,88896.33560319505,88222.09439680494,88929.13363408776,88341.91636591223
2025-11-24 20:25:00+00:00,88673.4,88830.0,88556.1,88830.0,280.849,88926.84521523671,88213.33478476328,89039.13511818729,88379.9148818127
2025-11-24 20:30:00+00:00,88830.0,88831.6,88685.1,88764.9,118.485,88944.03798183637,88211.23201816365,88974.42193863889,88525.07806136111
2025-11-24 20:35:00+00:00,88764.9,88923.0,88746.0,88871.0,248.281,88974.91509251893,88201.3049074811,89080.62274344952,88490.12725655048
2025-11-24 20:40:00+00:00,88871.0,88914.8,88787.0,88882.1,154.281,88996.30224488229,88192.91775511771,89020.71085981088,88653.28914018912
2025-11-24 20:45:00+00:00,88882.1,89074.2,88878.4,89038.5,274.636,89055.84688149337,88167.24311850662,89279.62523049014,88498.62476950986
2025-11-24 20:50:00+00:00,89037.2,89185.2,88938.7,89166.7,203.501,89144.46622572845,88132.35377427156,89476.92632093147,88502.22367906853
2025-11-24 20:55:00+00:00,89166.6,89178.0,89001.0,89020.1,336.016,89187.39422199753,88122.32577800247,89430.2945191274,88623.4054808726
2025-11-24 21:00:00+00:00,89020.0,89085.7,88835.3,88982.3,280.595,89225.09979153221,88129.0002084678,89329.12914712226,88774.67085287772
2025-11-24 21:05:00+00:00,88982.4,89070.0,88961.6,89033.2,162.774,89266.989766563,88132.630233437,89328.97835848214,88772.17164151785
2025-11-24 21:10:00+00:00,89032.9,89080.0,88923.1,88988.0,90.91,89295.7313146902,88134.0886853098,89091.32365020178,88920.4763497982
2025-11-24 21:15:00+00:00,88987.9,89019.8,88881.9,88884.4,92.244,89310.45672428729,88140.23327571272,89189.05827898193,88754.89172101808
2025-11-24 21:20:00+00:00,88884.4,88923.0,88827.0,88864.4,91.982,89316.04276583719,88182.1072341628,89223.72560340998,88661.27439658999
2025-11-24 21:25:00+00:00,88864.4,88915.2,88800.0,88873.0,103.276,89302.43168362237,88256.82831637764,89102.04669339195,88702.85330660804
2025-11-24 21:30:00+00:00,88873.1,89055.2,88870.5,88912.9,115.059,89247.96779445991,88390.49220554008,88956.88995757596,88810.46004242405
2025-11-24 21:35:00+00:00,88912.8,88951.2,88811.2,88824.9,36.731,89197.98138898643,88494.51861101357,88993.84431219666,88743.75568780332
2025-11-24 21:40:00+00:00,88822.5,88932.0,88722.0,88722.0,60.632,89166.75544762185,88553.29455237814,89118.6502408695,88547.7497591305
2025-11-24 21:45:00+00:00,88722.0,88784.6,88663.1,88748.5,106.936,89144.34197721844,88597.15802278156,89099.29846813838,88504.85153186161
2025-11-24 21:50:00+00:00,88748.6,88840.7,88689.7,88705.7,44.065,89132.67411130956,88618.99588869042,88933.12409081479,88567.4259091852
2025-11-24 21:55:00+00:00,88705.7,88800.0,88678.3,88708.0,52.156,89134.14438568437,88615.47561431563,88789.17723399318,88652.92276600683
2025-11-24 22:00:00+00:00,88708.0,88887.7,88701.7,88856.7,61.405,89126.87738877532,88640.85261122469,88999.87252703594,88509.57747296407
2025-11-24 22:05:00+00:00,88856.7,89052.6,88795.3,88902.9,111.364,89129.3654435986,88645.6545564014,89145.3566321187,88441.2933678813
2025-11-24 22:10:00+00:00,88902.8,89006.3,88897.0,88994.2,48.553,89138.22001979826,88659.72998020175,89279.43613504893,88451.46386495106
2025-11-24 22:15:00+00:00,88995.4,89004.9,88843.3,88875.4,55.944,89138.34478966803,88660.04521033195,89118.47708212094,88696.12291787904
2025-11-24 22:20:00+00:00,88875.4,88957.0,88674.5,88745.8,81.83,89140.68304548731,88644.0769545127,89235.08099152881,88524.06900847118
2025-11-24 22:25:00+00:00,88742.3,88829.8,88666.5,88737.1,72.241,89124.89462714452,88629.72537285548,89259.92489332924,88416.32510667076
2025-11-24 22:30:00+00:00,88735.5,88837.8,88735.5,88834.3,42.721,89070.00771926502,88651.37228073498,89032.60263916673,88563.69736083326
2025-11-24 22:35:00+00:00,88834.3,88891.3,88748.6,88781.7,21.533,89047.29238261294,88650.24761738704,88927.69725242529,88621.75274757469
2025-11-24 22:40:00+00:00,88781.8,88800.0,88749.0,88793.9,28.535,89029.32968838362,88649.3703116164,88925.35375179684,88648.14624820316
2025-11-24 22:45:00+00:00,88796.2,88796.2,88690.0,88690.0,15.078,89000.68352816938,88643.69647183063,88986.10138397905,88563.84861602096
2025-11-24 22:50:00+00:00,88690.0,88704.1,88548.5,88567.7,42.113,88994.94770060143,88607.40229939857,89070.6407048922,88346.00929510777
2025-11-24 22:55:00+00:00,88569.0,88719.9,88539.4,88578.0,59.137,88998.42307356326,88573.28692643676,89026.42823741706,88288.37176258293
2025-11-24 23:00:00+00:00,88577.9,88649.5,88510.7,88540.0,57.796,89004.13000015651,88535.13999984348,88822.65774800655,88365.19225199343
2025-11-24 23:05:00+00:00,88540.0,88566.5,88464.0,88464.9,38.965,89013.34790624345,88485.11209375654,88714.61564641244,88360.68435358755
2025-11-24 23:10:00+00:00,88464.9,88542.9,88451.1,88467.6,65.63,89006.75217822382,88447.17782177617,88705.79029193924,88319.45970806076
2025-11-24 23:15:00+00:00,88467.6,88563.7,88444.5,88556.1,42.225,88998.97034940765,88428.07965059234,88672.37094301247,88341.92905698754
2025-11-24 23:20:00+00:00,88556.0,88559.8,88452.1,88482.0,75.915,89004.1955263128,88398.85447368718,88641.47056312827,88343.82943687172
2025-11-24 23:25:00+00:00,88482.0,88569.8,88426.0,88558.6,33.973,89000.07708795651,88383.98291204349,88682.46379171987,88349.68620828015
2025-11-24 23:30:00+00:00,88556.9,88556.9,88397.7,88456.8,69.794,89004.08885683145,88355.08114316853,88692.88374633282,88333.8662536672
2025-11-24 23:35:00+00:00,88454.6,88454.6,88272.1,88272.1,114.772,89027.18137455892,88288.3986254411,88863.23149574343,88021.51850425657
2025-11-24 23:40:00+00:00,88272.2,88392.5,88260.0,88371.5,69.857,89011.12125042635,88255.93874957364,88837.50576874743,87991.99423125257
2025-11-24 23:45:00+00:00,88371.5,88371.9,88249.0,88273.3,57.162,88989.41582451033,88214.68417548967,88650.9757600522,88035.87423994784
2025-11-24 23:50:00+00:00,88276.5,88280.0,88194.8,88220.3,68.422,88940.78493773493,88185.92506226506,88503.11206549963,88065.48793450037
2025-11-24 23:55:00+00:00,88224.4,88279.5,88212.0,88242.6,36.527,88905.28070653451,88158.14929346548,88507.94160115272,88045.90839884728
2025-11-25 00:00:00+00:00,88242.6,88242.6,88030.0,88117.1,116.485,88901.29538922921,88099.26461077078,88447.94748401987,87978.70251598016
2025-11-25 00:05:00+00:00,88114.2,88178.9,88058.5,88080.0,66.516,88892.40247175432,88042.44752824568,88437.75820795579,87892.24179204421
2025-11-25 00:10:00+00:00,88074.8,88137.3,87955.3,87986.0,109.881,88864.15038256432,87985.86961743567,88474.43612755834,87738.41387244167
2025-11-25 00:15:00+00:00,87985.9,87985.9,87872.1,87958.0,136.557,88835.74709007613,87931.90290992387,88296.77152006513,87773.77847993489
2025-11-25 00:20:00+00:00,87960.1,88040.4,87865.5,87898.2,200.56,88797.01905803522,87881.0609419648,88242.92400786991,87718.17599213007
2025-11-25 00:25:00+00:00,87896.4,87936.7,87815.0,87838.4,90.603,88773.93888916566,87818.98111083433,88147.6029401992,87692.69705980079
2025-11-25 00:30:00+00:00,87838.5,88082.2,87820.5,88059.1,107.254,88742.14896204558,87799.91103795441,88264.42308282474,87612.42691717524
2025-11-25 00:35:00+00:00,88059.0,88151.8,88041.5,88072.4,112.927,88702.30385443443,87789.19614556557,88371.3168129342,87562.7331870658
2025-11-25 00:40:00+00:00,88071.5,88232.6,88050.1,88141.0,118.815,88663.66677425783,87787.93322574218,88482.28160814257,87573.16839185744
2025-11-25 00:45:00+00:00,88141.0,88207.1,87931.7,88002.2,154.639,88636.42994683064,87768.90005316937,88266.21373039576,87871.13626960425
2025-11-25 00:50:00+00:00,88004.5,88124.8,87922.0,88095.5,131.28,88602.42132899564,87765.69867100436,88278.29479953718,87877.25520046281
2025-11-25 00:55:00+00:00,88098.3,88123.0,88010.1,88059.0,139.399,88543.91315678775,87774.49684321226,88277.70576644485,87871.14423355515
2025-11-25 01:00:00+00:00,88059.1,88084.5,87861.1,87968.4,110.36,88496.57389959764,87770.47610040237,88228.1724098512,87834.37759014878
2025-11-25 01:05:00+00:00,87966.1,88067.2,87854.2,88012.6,70.884,88415.43393179058,87797.01606820943,88225.3796474792,87842.3703525208
2025-11-25 01:10:00+00:00,88015.2,88147.8,87958.8,88084.4,53.091,88351.6846203782,87823.52537962182,88208.78331380889,87853.41668619109
2025-11-25 01:15:00+00:00,88084.5,88124.1,87882.1,87925.8,71.823,88329.07040806657,87811.50959193341,88232.46537879691,87763.13462120306
2025-11-25 01:20:00+00:00,87922.6,88140.0,87911.0,88135.9,122.137,88280.15762033263,87836.86237966736,88355.65061615755,87723.69938384245
2025-11-25 01:25:00+00:00,88136.9,88168.8,87966.2,88004.1,142.048,88244.46946243818,87845.63053756182,88356.76535051767,87718.3346494823
2025-11-25 01:30:00+00:00,88004.0,88025.6,87919.6,87952.8,70.437,88217.71816568782,87845.63183431218,88327.96167625983,87681.33832374019
2025-11-25 01:35:00+00:00,87952.9,88048.2,87900.1,87908.9,76.686,88181.16873389567,87848.81126610434,88341.08287823845,87659.76712176156
2025-11-25 01:40:00+00:00,87909.9,87970.4,87863.1,87932.1,71.115,88168.71846974119,87842.76153025882,88090.09032635392,87808.85967364609
2025-11-25 01:45:00+00:00,87933.9,87933.9,87721.9,87745.1,169.501,88183.7361972316,87794.25380276842,88213.10385133672,87556.34614866329
2025-11-25 01:50:00+00:00,87744.8,87815.1,87705.0,87748.0,101.331,88198.39031829483,87755.79968170518,88182.99275245353,87484.05724754646
2025-11-25 01:55:00+00:00,87750.9,87782.0,87655.8,87687.6,144.964,88218.38670204529,87708.7632979547,88146.44567886755,87409.95432113248
2025-11-25 02:00:00+00:00,87690.2,87897.1,87550.2,87800.7,290.707,88221.92009041717,87695.47990958282,87905.4221087648,87585.27789123521
2025-11-25 02:05:00+00:00,87804.4,87814.8,87695.5,87786.4,89.703,88224.98811055759,87687.21188944242,87930.76797531446,87580.58202468554
2025-11-25 02:10:00+00:00,87787.9,87859.2,87742.2,87747.5,48.031,88219.64517335282,87661.39482664716,87930.73276172178,87580.36723827822
2025-11-25 02:15:00+00:00,87747.5,87853.5,87744.8,87815.0,51.033,88204.99617718522,87650.30382281476,87888.0312079062,87686.76879209379
2025-11-25 02:20:00+00:00,87816.5,87845.7,87646.0,87646.0,90.444,88187.9128979525,87617.88710204749,88004.58204994086,87492.86795005915
2025-11-25 02:25:00+00:00,87646.0,87691.8,87557.1,87581.0,99.698,88195.22487774509,87568.4551222549,88058.10031101122,87336.64968898878
2025-11-25 02:30:00+00:00,87581.0,87603.6,87399.9,87471.8,237.351,88195.35270219619,87505.9572978038,88126.04272503099,87130.857274969
2025-11-25 02:35:00+00:00,87470.6,87544.6,87431.2,87520.0,98.155,88183.0047549392,87464.4052450608,87816.26360603758,87293.13639396241
2025-11-25 02:40:00+00:00,87519.1,87655.2,87501.1,87610.5,98.66,88170.11665050118,87441.50334949882,87760.92281496643,87330.72718503357
2025-11-25 02:45:00+00:00,87612.0,87780.1,87612.0,87741.5,70.205,88144.75906791895,87439.75093208106,87996.69629639662,87175.20370360337
2025-11-25 02:50:00+00:00,87737.1,87822.1,87706.0,87747.4,73.485,88101.68108232817,87449.12891767183,88035.50821940937,87274.19178059064
2025-11-25 02:55:00+00:00,87746.1,87876.2,87746.1,87862.0,70.912,88093.76030800404,87450.66969199595,88096.50036151095,87384.19963848907
2025-11-25 03:00:00+00:00,87862.9,87868.4,87737.1,87800.3,61.909,88031.06066843354,87479.80933156646,87982.09606276151,87593.50393723849
2025-11-25 03:05:00+00:00,87807.5,87994.0,87788.1,87872.4,172.457,88006.07629336722,87491.62370663279,88022.19311846394,87618.85688153605
2025-11-25 03:10:00+00:00,87871.1,87871.2,87735.9,87762.9,75.879,87979.19891987176,87499.51108012826,88004.18676259616,87644.61323740383
2025-11-25 03:15:00+00:00,87763.0,87807.1,87695.5,87744.8,41.724,87958.1139751138,87504.18602488619,87990.74518906594,87599.45481093404
2025-11-25 03:20:00+00:00,87744.1,87925.5,87708.5,87917.0,75.636,87954.76574207538,87506.02425792463,88114.08257409843,87534.46742590156
2025-11-25 03:25:00+00:00,87916.9,87921.0,87784.1,87887.1,44.386,87972.03419480429,87502.9558051957,88128.44326116377,87527.45673883622
2025-11-25 03:30:00+00:00,87885.3,87894.6,87623.0,87645.1,60.527,87970.23242053472,87494.46757946529,88238.07916238678,87358.92083761322
2025-11-25 03:35:00+00:00,87647.0,87672.0,87547.6,87555.6,49.209,87975.2723557108,87476.2276442892,88369.18064694972,87133.2193530503
2025-11-25 03:40:00+00:00,87555.7,87627.1,87529.1,87619.5,40.812,87967.82220342972,87465.55779657025,88179.63195102989,87174.01804897013
2025-11-25 03:45:00+00:00,87619.6,87635.9,87572.7,87610.0,38.586,87960.9724859607,87454.7675140393,87738.05072798095,87477.04927201905
2025-11-25 03:50:00+00:00,87608.0,87726.3,87500.0,87711.0,86.605,87958.50370533513,87453.58629466487,87847.30784753573,87400.74215246429
2025-11-25 03:55:00+00:00,87710.0,87783.7,87686.3,87759.1,38.982,87952.0327928123,87454.4672071877,87925.29185291057,87424.50814708942
2025-11-25 04:00:00+00:00,87758.1,87898.8,87732.1,87875.6,47.388,87972.8987595343,87456.56124046571,88120.96451366894,87356.88548633107
2025-11-25 04:05:00+00:00,87875.6,87981.8,87875.6,87981.8,65.153,88009.96672308995,87459.57327691003,88252.80894969396,87410.94105030604
2025-11-25 04:10:00+00:00,87981.7,88088.2,87899.6,88067.0,146.175,88048.14120640662,87480.91879359337,88382.5473838454,87459.2026161546
2025-11-25 04:15:00+00:00,88067.0,88067.0,87954.5,88001.1,82.227,88066.71236848319,87510.4576315168,88256.39679914669,87706.35320085331
2025-11-25 04:20:00+00:00,88007.3,88050.0,87886.9,87943.5,64.504,88078.55316825701,87531.91683174299,88177.26685221352,87819.43314778649
2025-11-25 04:25:00+00:00,87944.9,88018.9,87908.6,87980.5,71.373,88099.07637109772,87535.29362890228,88177.43634302488,87818.61365697511
2025-11-25 04:30:00+00:00,87978.8,88199.7,87960.7,88193.0,145.921,88163.11688876219,87515.8131112378,88415.97451805658,87643.07548194341
2025-11-25 04:35:00+00:00,88194.1,88273.0,88123.1,88192.3,130.768,88214.38829566198,87497.57170433804,88541.5842702429,87613.06572975712
2025-11-25 04:40:00+00:00,88192.3,88212.5,88080.0,88098.4,49.307,88243.31124652311,87498.45875347688,88464.88056059742,87767.21943940259
2025-11-25 04:45:00+00:00,88095.8,88222.9,88075.4,88171.2,67.088,88280.5981696801,87491.05183031989,88318.60285512141,88008.84714487857
2025-11-25 04:50:00+00:00,88170.0,88458.0,88158.2,88407.9,147.338,88368.82543593904,87467.32456406095,88678.82052355711,87756.07947644292
2025-11-25 04:55:00+00:00,88407.9,88407.9,88278.3,88280.5,105.593,88414.51065910656,87475.20934089345,88706.89131357729,87772.10868642271
